--45045398-f757-4ece-85c0-bdf2d95d7cee, 913777a7-07fd-46d6-8ad8-d7498f630aea, bd42bbfb-9b7d-4028-ba50-6f8bbb6884d6

-- insert participants to profile table
INSERT INTO profile (id, given_name, family_name, email) VALUES
('fdedead5-1218-4332-8199-8b2bdce414a7', 'John', 'Doe', 'john.doe@gmail.com'),
('11935252-570f-42ef-a141-5cdf8f78270d', 'Apolonija', 'Deo', 'apolonija.deo@mail.com'),
('41e9fa1d-0712-43cd-8571-bbf219ab016b', 'Zaman', 'Wilt', 'zaman.wilt@mail.com'),
('127ac7f5-9c91-4b1c-8c13-13e226d60f78', 'Balbus', 'Linde', 'balbus.linde@mail.com'),
('47b5b128-0a47-4094-86f6-87005eb12d71', 'Linwood', 'Darien', 'linwood.darien@mail.com'),
('2e06729d-7436-427a-a5cf-ff7c9496b85c', 'Cheyanne', 'Kathryn', 'cheyanne.kathryn@mail.com'),
('b5702c04-35a6-4c55-b24a-592dc0a05142', 'Cassandra', 'Jess', 'cassandra.jess@mail.com'),
('43ead544-671c-46fb-ba8f-b5858c83a2d8', 'Jorie', 'Nolene', 'jorie.nolene@mail.com'),
('ae8f617c-2411-42aa-9501-f2f08b16a76e', 'Lynda' ,'Claud', 'lynda.claud@mail.com'),
('6896b053-0d36-45b4-889c-9472d846c4a1', 'Maxene', 'Netta', 'maxene.netta@mail.com'),
('fbe6eb48-ad58-40f9-9388-07e743240ce3', 'Lilac', 'Reuben', 'lilac.reuben@mail.com'),
('d1b97054-357e-4a53-9a43-4acf8353a465', 'Audrea', 'Nona', 'audrea.nona@mail.com'),
('bdc08f2a-6a23-4a53-9587-65f32d16c41e', 'Henrietta', 'Dewey', 'henrietta.dewey@mail.com'),
('bb3e469d-044b-416a-9831-282e6a2c5af7', 'Lotus', 'Mimi', 'lotus.mimi@mail.com'),
('f858c22c-3996-4137-a205-099e4521491f', 'Deacon', 'Hope', 'deacon.hope@mail.com'),
('ab528bc4-0d66-417f-8a34-eed6b949ea27', 'Coby', 'Bert', 'coby.bert@gmail.com'),
('1054214f-1f5b-4d94-a381-ab6fba404f41', 'Khloe', 'Izzy', 'khloe.izzy@gmail.com'),
('5a7f3010-cd40-454a-88d9-c93935c039ec', 'Bryan', 'Chuckie', 'bryan.chuckie@gmail.com');

INSERT INTO identity (provider_id, profile_id, type) VALUES
('061c2cbb-81ba-4c8f-8ae2-a5bda2092df4', '11935252-570f-42ef-a141-5cdf8f78270d', 'cognito'),
('b183218d-4cd0-4c11-8002-c605fdbe091f', 'fdedead5-1218-4332-8199-8b2bdce414a7', 'cognito'),
('3a20379e-be3b-481c-ae7f-0aa29922f2b6', '41e9fa1d-0712-43cd-8571-bbf219ab016b', 'cognito'),
('04f8abad-c745-42ae-b715-946db40273e0', '127ac7f5-9c91-4b1c-8c13-13e226d60f78', 'cognito'),
('6e5f304f-a1b4-4a6e-89bc-35b042678416', '47b5b128-0a47-4094-86f6-87005eb12d71', 'cognito'),
('4a814245-72b4-4f97-affd-4d529487f1eb', '2e06729d-7436-427a-a5cf-ff7c9496b85c', 'cognito'),
('feec91f6-0221-47e5-a329-891343f5e63b', 'b5702c04-35a6-4c55-b24a-592dc0a05142', 'cognito'),
('6595c566-10af-4083-a458-3d5cf22e6a6c', '43ead544-671c-46fb-ba8f-b5858c83a2d8', 'cognito'),
('338d64cd-8d16-4c38-84ea-3f281e3e7364', 'ae8f617c-2411-42aa-9501-f2f08b16a76e', 'cognito'),
('a86c0100-b315-46f1-85d6-f972694f8c6c', '6896b053-0d36-45b4-889c-9472d846c4a1', 'cognito'),
('35a16c4d-c303-45aa-a55b-d275fb43c4ec', 'fbe6eb48-ad58-40f9-9388-07e743240ce3', 'cognito'),
('b5baab35-d348-4416-99b7-17e40cf015f6', 'd1b97054-357e-4a53-9a43-4acf8353a465', 'cognito'),
('9611f48e-66ab-427c-bf8b-06f869fe9e9f', 'bdc08f2a-6a23-4a53-9587-65f32d16c41e', 'cognito'),
('df753c8d-3501-42f4-9688-0f58adf3db14', 'bb3e469d-044b-416a-9831-282e6a2c5af7', 'cognito'),
('6d12ea23-423a-4fe5-a343-38153fb7db68', 'f858c22c-3996-4137-a205-099e4521491f', 'cognito'),
('146987aa-2607-44eb-8f16-fef57c60c80e', 'ab528bc4-0d66-417f-8a34-eed6b949ea27', 'cognito'),
('98f6551e-6207-4d32-8719-fea2242ad85b', '1054214f-1f5b-4d94-a381-ab6fba404f41', 'cognito'),
('136bae8d-005e-4031-840a-74ca69fe54ac', '5a7f3010-cd40-454a-88d9-c93935c039ec', 'cognito');

-- Adding participant role to all participants
INSERT INTO profile_role (profile_id, role_id) VALUES
('fdedead5-1218-4332-8199-8b2bdce414a7', '151f0884-a8c8-48e2-a619-c4434864ea67'),
('11935252-570f-42ef-a141-5cdf8f78270d', '151f0884-a8c8-48e2-a619-c4434864ea67'),
('41e9fa1d-0712-43cd-8571-bbf219ab016b', '151f0884-a8c8-48e2-a619-c4434864ea67'),
('127ac7f5-9c91-4b1c-8c13-13e226d60f78', '151f0884-a8c8-48e2-a619-c4434864ea67'),
('47b5b128-0a47-4094-86f6-87005eb12d71', '151f0884-a8c8-48e2-a619-c4434864ea67'),
('2e06729d-7436-427a-a5cf-ff7c9496b85c', '151f0884-a8c8-48e2-a619-c4434864ea67'),
('b5702c04-35a6-4c55-b24a-592dc0a05142', '151f0884-a8c8-48e2-a619-c4434864ea67'),
('43ead544-671c-46fb-ba8f-b5858c83a2d8', '151f0884-a8c8-48e2-a619-c4434864ea67'),
('ae8f617c-2411-42aa-9501-f2f08b16a76e', '151f0884-a8c8-48e2-a619-c4434864ea67'),
('6896b053-0d36-45b4-889c-9472d846c4a1', '151f0884-a8c8-48e2-a619-c4434864ea67'),
('fbe6eb48-ad58-40f9-9388-07e743240ce3', '151f0884-a8c8-48e2-a619-c4434864ea67'),
('d1b97054-357e-4a53-9a43-4acf8353a465', '151f0884-a8c8-48e2-a619-c4434864ea67'),
('bdc08f2a-6a23-4a53-9587-65f32d16c41e', '151f0884-a8c8-48e2-a619-c4434864ea67'),
('bb3e469d-044b-416a-9831-282e6a2c5af7', '151f0884-a8c8-48e2-a619-c4434864ea67'),
('f858c22c-3996-4137-a205-099e4521491f', '151f0884-a8c8-48e2-a619-c4434864ea67'),
('ab528bc4-0d66-417f-8a34-eed6b949ea27', '151f0884-a8c8-48e2-a619-c4434864ea67'),
('1054214f-1f5b-4d94-a381-ab6fba404f41', '151f0884-a8c8-48e2-a619-c4434864ea67'),
('5a7f3010-cd40-454a-88d9-c93935c039ec', '151f0884-a8c8-48e2-a619-c4434864ea67');

INSERT INTO organization (id, name, original_record) VALUES
('46c34024-ea2f-4146-962d-c3e0fc3b923b', 'Example organization', '{}');

--add all participants to organization
INSERT INTO organization_member (profile_id, organization_id) VALUES
('fdedead5-1218-4332-8199-8b2bdce414a7', '46c34024-ea2f-4146-962d-c3e0fc3b923b'),
('11935252-570f-42ef-a141-5cdf8f78270d', '46c34024-ea2f-4146-962d-c3e0fc3b923b'),
('41e9fa1d-0712-43cd-8571-bbf219ab016b', '46c34024-ea2f-4146-962d-c3e0fc3b923b'),
('127ac7f5-9c91-4b1c-8c13-13e226d60f78', '46c34024-ea2f-4146-962d-c3e0fc3b923b'),
('47b5b128-0a47-4094-86f6-87005eb12d71', '46c34024-ea2f-4146-962d-c3e0fc3b923b'),
('2e06729d-7436-427a-a5cf-ff7c9496b85c', '46c34024-ea2f-4146-962d-c3e0fc3b923b'),
('b5702c04-35a6-4c55-b24a-592dc0a05142', '46c34024-ea2f-4146-962d-c3e0fc3b923b'),
('43ead544-671c-46fb-ba8f-b5858c83a2d8', '46c34024-ea2f-4146-962d-c3e0fc3b923b'),
('ae8f617c-2411-42aa-9501-f2f08b16a76e', '46c34024-ea2f-4146-962d-c3e0fc3b923b'),
('6896b053-0d36-45b4-889c-9472d846c4a1', '46c34024-ea2f-4146-962d-c3e0fc3b923b'),
('fbe6eb48-ad58-40f9-9388-07e743240ce3', '46c34024-ea2f-4146-962d-c3e0fc3b923b'),
('d1b97054-357e-4a53-9a43-4acf8353a465', '46c34024-ea2f-4146-962d-c3e0fc3b923b'),
('bdc08f2a-6a23-4a53-9587-65f32d16c41e', '46c34024-ea2f-4146-962d-c3e0fc3b923b'),
('bb3e469d-044b-416a-9831-282e6a2c5af7', '46c34024-ea2f-4146-962d-c3e0fc3b923b'),
('f858c22c-3996-4137-a205-099e4521491f', '46c34024-ea2f-4146-962d-c3e0fc3b923b'),
('ab528bc4-0d66-417f-8a34-eed6b949ea27', '46c34024-ea2f-4146-962d-c3e0fc3b923b'),
('1054214f-1f5b-4d94-a381-ab6fba404f41', '46c34024-ea2f-4146-962d-c3e0fc3b923b'),
('5a7f3010-cd40-454a-88d9-c93935c039ec', '46c34024-ea2f-4146-962d-c3e0fc3b923b');

INSERT INTO public.course_invites (id, email, status, course_id) VALUES
('d1d9a569-6f96-42ee-ac83-1ecb3f849001', 'john.doe@gmail.com', 'ACCEPTED', '45045398-f757-4ece-85c0-bdf2d95d7cee'),
('d1d9a569-6f96-42ee-ac83-1ecb3f849002', 'apolonija.deo@mail.com', 'ACCEPTED', '45045398-f757-4ece-85c0-bdf2d95d7cee'),
('d1d9a569-6f96-42ee-ac83-1ecb3f849003', 'zaman.wilt@mail.com', 'ACCEPTED', '45045398-f757-4ece-85c0-bdf2d95d7cee'),
('d1d9a569-6f96-42ee-ac83-1ecb3f849004', 'balbus.linde@mail.com', 'ACCEPTED', '45045398-f757-4ece-85c0-bdf2d95d7cee'),
('d1d9a569-6f96-42ee-ac83-1ecb3f849005', 'linwood.darien@mail.com', 'ACCEPTED', '45045398-f757-4ece-85c0-bdf2d95d7cee'),
('d1d9a569-6f96-42ee-ac83-1ecb3f849006', 'cheyanne.kathryn@mail.com', 'ACCEPTED', '45045398-f757-4ece-85c0-bdf2d95d7cee'),
('d1d9a569-6f96-42ee-ac83-1ecb3f849007', 'cassandra.jess@mail.com', 'ACCEPTED', '45045398-f757-4ece-85c0-bdf2d95d7cee'),
('d1d9a569-6f96-42ee-ac83-1ecb3f849008', 'jorie.nolene@mail.com', 'ACCEPTED', '45045398-f757-4ece-85c0-bdf2d95d7cee'),
('d1d9a569-6f96-42ee-ac83-1ecb3f849009', 'lynda.claud@mail.com', 'ACCEPTED', '45045398-f757-4ece-85c0-bdf2d95d7cee'),
('d1d9a569-6f96-42ee-ac83-1ecb3f849010', 'maxene.netta@mail.com', 'ACCEPTED', '45045398-f757-4ece-85c0-bdf2d95d7cee'),
('d1d9a569-6f96-42ee-ac83-1ecb3f849011', 'lilac.reuben@mail.com', 'ACCEPTED', '45045398-f757-4ece-85c0-bdf2d95d7cee'),
('d1d9a569-6f96-42ee-ac83-1ecb3f849012', 'audrea.nona@mail.com', 'ACCEPTED', '45045398-f757-4ece-85c0-bdf2d95d7cee'),
('d1d9a569-6f96-42ee-ac83-1ecb3f849013', 'henrietta.dewey@mail.com', 'ACCEPTED', '45045398-f757-4ece-85c0-bdf2d95d7cee'),
('d1d9a569-6f96-42ee-ac83-1ecb3f849014', 'lotus.mimi@mail.com', 'ACCEPTED', '45045398-f757-4ece-85c0-bdf2d95d7cee'),
('d1d9a569-6f96-42ee-ac83-1ecb3f849015', 'deacon.hope@mail.com', 'ACCEPTED', '45045398-f757-4ece-85c0-bdf2d95d7cee'),
('d1d9a569-6f96-42ee-ac83-1ecb3f849016', 'coby.bert@gmail.com', 'ACCEPTED', '45045398-f757-4ece-85c0-bdf2d95d7cee'),
('d1d9a569-6f96-42ee-ac83-1ecb3f849017', 'khloe.izzy@gmail.com', 'ACCEPTED', '45045398-f757-4ece-85c0-bdf2d95d7cee'),
('d1d9a569-6f96-42ee-ac83-1ecb3f849018', 'bryan.chuckie@gmail.com', 'ACCEPTED', '45045398-f757-4ece-85c0-bdf2d95d7cee'),
('8a138a65-36fe-449f-bc83-dc435ca9fb0f', 'stacey.liptak@gmail.com', 'PENDING', '45045398-f757-4ece-85c0-bdf2d95d7cee'),
('cc025226-c93e-4fe7-9909-f754882ffe19', 'james.phenlan@gmail.com', 'PENDING', '45045398-f757-4ece-85c0-bdf2d95d7cee'),
('b36d524e-577e-45c6-a652-09d981435218', 'charles.scanlon@gmail.com', 'PENDING', '45045398-f757-4ece-85c0-bdf2d95d7cee'),
('e2f6c2c7-c19a-41f3-b405-e92ed5dd9305', 'timothy.murphy@gmail.com', 'DECLINED', '45045398-f757-4ece-85c0-bdf2d95d7cee'),
('2c562361-efb2-4683-aab0-f2d3ebc86d3b', 'marquis.pappas@gmail.com', 'DECLINED', '45045398-f757-4ece-85c0-bdf2d95d7cee');

INSERT INTO public.course_participant (registration_id, course_id, profile_id, invoice_id, invite_id) VALUES
('edb0661b-bede-4a09-9066-339b7a0fe78b', '45045398-f757-4ece-85c0-bdf2d95d7cee',  'fdedead5-1218-4332-8199-8b2bdce414a7', '26e05f96-b687-4348-b6d8-1c863a8499f9', 'd1d9a569-6f96-42ee-ac83-1ecb3f849001'),
('424d6da7-bb67-4353-88f7-640ddd6db6e3', '45045398-f757-4ece-85c0-bdf2d95d7cee',  '11935252-570f-42ef-a141-5cdf8f78270d', '949c2685-4a9f-4cbb-82f2-d5fdaa1565aa', 'd1d9a569-6f96-42ee-ac83-1ecb3f849002'),
('9b7c7e36-666c-4a0f-a01f-bbbced0c0b82', '45045398-f757-4ece-85c0-bdf2d95d7cee',  '41e9fa1d-0712-43cd-8571-bbf219ab016b', '1813431c-fe22-4e49-b603-97ee02dc1df9', 'd1d9a569-6f96-42ee-ac83-1ecb3f849003'),
('33ff3352-ac87-476c-bb6e-4fadc423abc8', '45045398-f757-4ece-85c0-bdf2d95d7cee',  '127ac7f5-9c91-4b1c-8c13-13e226d60f78', '47988253-2329-4674-b47c-bf861f2c2169', 'd1d9a569-6f96-42ee-ac83-1ecb3f849004'),
('5ab9a7e6-1da8-412d-81a9-faf8c099c092', '45045398-f757-4ece-85c0-bdf2d95d7cee',  '47b5b128-0a47-4094-86f6-87005eb12d71', '2f0d984b-7942-41c6-ac5a-339805a77845', 'd1d9a569-6f96-42ee-ac83-1ecb3f849005'),
('90e56c4d-14b4-4112-b452-0361090eabda', '45045398-f757-4ece-85c0-bdf2d95d7cee',  '2e06729d-7436-427a-a5cf-ff7c9496b85c', '3bb3603e-bf8d-40b4-b0a7-cabb101bccb9', 'd1d9a569-6f96-42ee-ac83-1ecb3f849006'),
('867f2221-9b1b-4afe-a662-d896da3f2398', '45045398-f757-4ece-85c0-bdf2d95d7cee',  'b5702c04-35a6-4c55-b24a-592dc0a05142', '134e0572-30d0-4dc7-b026-18203f01e88b', 'd1d9a569-6f96-42ee-ac83-1ecb3f849007'),
('15408e55-79ef-41d0-915e-1c81513d3e39', '45045398-f757-4ece-85c0-bdf2d95d7cee',  '43ead544-671c-46fb-ba8f-b5858c83a2d8', '25478835-6d99-4d99-b0f7-3957fd8a7241', 'd1d9a569-6f96-42ee-ac83-1ecb3f849008'),
('15408e55-79ef-41d0-915e-1c81513d3e40', '45045398-f757-4ece-85c0-bdf2d95d7cee',  'ae8f617c-2411-42aa-9501-f2f08b16a76e', '25478835-6d99-4d99-b0f7-3957fd8a7242', 'd1d9a569-6f96-42ee-ac83-1ecb3f849009'),
('af9e4740-9e8e-4465-adab-4a5ebbb73e4b', '45045398-f757-4ece-85c0-bdf2d95d7cee',  '6896b053-0d36-45b4-889c-9472d846c4a1', '5e7c2158-92a8-4c70-a506-f3b205b4ccad', 'd1d9a569-6f96-42ee-ac83-1ecb3f849010'),
('3c665955-9ae8-47bc-84b6-9c103fea3b06', '45045398-f757-4ece-85c0-bdf2d95d7cee',  'fbe6eb48-ad58-40f9-9388-07e743240ce3', 'c90c93de-24a5-47cb-816d-d1a379543d86', 'd1d9a569-6f96-42ee-ac83-1ecb3f849011'),
('5cedc5b2-d27f-43a2-84ed-d0b59df4efad', '45045398-f757-4ece-85c0-bdf2d95d7cee',  'd1b97054-357e-4a53-9a43-4acf8353a465', 'ed3537bf-1338-4490-b1d4-ad4e4924ea74', 'd1d9a569-6f96-42ee-ac83-1ecb3f849012'),
('fa8a138d-66ce-4fc8-b1dd-54f20fab46e9', '45045398-f757-4ece-85c0-bdf2d95d7cee',  'bdc08f2a-6a23-4a53-9587-65f32d16c41e', '4b6d073c-b5f3-488a-a8e4-ce16e2fb9ac1', 'd1d9a569-6f96-42ee-ac83-1ecb3f849013'),
('482f8e3b-51fa-44c2-9896-c3c16296ed1a', '45045398-f757-4ece-85c0-bdf2d95d7cee',  'bb3e469d-044b-416a-9831-282e6a2c5af7', 'e6881b5e-1168-4e9b-a584-6df02a27b95f', 'd1d9a569-6f96-42ee-ac83-1ecb3f849014'),
('8d029343-db5f-4e92-90d4-663139375bc4', '45045398-f757-4ece-85c0-bdf2d95d7cee',  'f858c22c-3996-4137-a205-099e4521491f', '86505d1b-e131-4298-91bb-36309db43b4d', 'd1d9a569-6f96-42ee-ac83-1ecb3f849015'),
('8aba9220-8e09-433b-ad83-51c53f2523c0', '913777a7-07fd-46d6-8ad8-d7498f630aea',  'ab528bc4-0d66-417f-8a34-eed6b949ea27', '0b156d52-b6a1-4238-bab0-4b1e99a9dc88', 'd1d9a569-6f96-42ee-ac83-1ecb3f849016'),
('8aba9220-8e09-433b-ad83-51c53f2523c0', '913777a7-07fd-46d6-8ad8-d7498f630aea',  '1054214f-1f5b-4d94-a381-ab6fba404f41', '0b156d52-b6a1-4238-bab0-4b1e99a9dc88', 'd1d9a569-6f96-42ee-ac83-1ecb3f849017'),
('d44e5d0a-d4b2-41b1-826a-8672e5312736', '913777a7-07fd-46d6-8ad8-d7498f630aea',  '5a7f3010-cd40-454a-88d9-c93935c039ec', 'e2de96f8-7bee-428c-bc6d-f3603f84e9de', 'd1d9a569-6f96-42ee-ac83-1ecb3f849018');