
INSERT INTO public.course (id, name, course_type, course_delivery_type, course_level, reaccreditation, go1_integration, course_status, grading_confirmed, min_participants, max_participants, accredited_by) VALUES
    (10032, 'BILD Certified Course: PS', 'INDIRECT', 'F2F', 'BILD_REGULAR', false, false, 'CONFIRM_MODULES', false, 2, 10, 'BILD'),
    (10033, 'BILD Certified Course: PSTI', 'CLOSED', 'MIXED', 'BILD_INTERMEDIATE_TRAINER', false, false, 'GRADE_MISSING', false, 2, 10, 'BILD'),
    (10034, 'BILD Certified Course: A', 'OPEN', 'F2F', 'BILD_ADVANCED_TRAINER', false, false, 'SCHEDULED', false, 2, 10, 'BILD'),
    (10035, 'BILD Certified Course: S', 'CLOSED', 'F2F', 'BILD_REGULAR', false, false, 'SCHEDULED', false, 1, 6, 'BILD'),    
    (10036, 'BILD Certified Course: P', 'CLOSED', 'F2F', 'BILD_REGULAR', false, false, 'SCHEDULED', false, 1, 7, 'BILD'),
    (10037, 'BILD Certified Course: T', 'CLOSED', 'F2F', 'BILD_REGULAR', false, false, 'SCHEDULED', false, 1, 3, 'BILD'),    
    (10038, 'BILD Certified Course: PSTI', 'OPEN', 'F2F', 'BILD_INTERMEDIATE_TRAINER', true, false, 'SCHEDULED', false, 1, 14, 'BILD'),
    (10039, 'BILD Certified Course: A', 'OPEN', 'F2F', 'BILD_ADVANCED_TRAINER', true, false, 'SCHEDULED', false, 2, 8, 'BILD'),
    (10040, 'BILD Certified Course: S', 'CLOSED', 'F2F', 'BILD_REGULAR', true, false, 'SCHEDULED', false, 1, 20, 'BILD'),    
    (10041, 'BILD Certified Course: P', 'CLOSED', 'F2F', 'BILD_REGULAR', true, false, 'SCHEDULED', false, 1, 12, 'BILD'),
    (10042, 'BILD Certified Course: T', 'CLOSED', 'F2F', 'BILD_REGULAR', true, false, 'SCHEDULED', false, 1, 14, 'BILD'),
    (10043, 'BILD Certified Course: PSTIA', 'CLOSED', 'F2F', 'BILD_REGULAR', true, false, 'SCHEDULED', false, 1, 13, 'BILD'),    
    (10044, 'BILD Certified Course: PSTIA', 'CLOSED', 'F2F', 'BILD_REGULAR', false, false, 'SCHEDULED', false, 1, 12, 'BILD'),
    (10045, 'BILD Certified Course: PST', 'CLOSED', 'MIXED', 'BILD_REGULAR', true, false, 'SCHEDULED', false, 1, 11, 'BILD'),    
    (10046, 'BILD Certified Course: PSA', 'CLOSED', 'F2F', 'BILD_REGULAR', true, false, 'SCHEDULED', false, 1, 9, 'BILD'),
    (10047, 'BILD Certified Course: PTI', 'CLOSED', 'F2F', 'BILD_REGULAR', true, false, 'SCHEDULED', false, 1, 8, 'BILD'),
    (10048, 'BILD Certified Course: PIA', 'CLOSED', 'MIXED', 'BILD_REGULAR', false, false, 'SCHEDULED', false, 2, 5, 'BILD'),    
    (10049, 'BILD Certified Course: SIA', 'CLOSED', 'F2F', 'BILD_REGULAR', false, false, 'SCHEDULED', false, 1, 4, 'BILD'),
    (10050, 'BILD Certified Course: STI', 'CLOSED', 'F2F', 'BILD_REGULAR', false, false, 'SCHEDULED', false, 2, 6, 'BILD'),
    (10051, 'BILD Certified Course: STA', 'CLOSED', 'F2F', 'BILD_REGULAR', false, false, 'SCHEDULED', false, 2, 13, 'BILD'),
    (10052, 'BILD Certified Course: PTA', 'CLOSED', 'MIXED', 'BILD_REGULAR', false, false, 'SCHEDULED', false, 1, 5, 'BILD'),       
    (10053, 'BILD Certified Course: TIA', 'CLOSED', 'F2F', 'BILD_REGULAR', true, false, 'SCHEDULED', false, 1, 3, 'BILD'),
    (10054, 'BILD Certified Course: ST', 'CLOSED', 'F2F', 'BILD_REGULAR', false, false, 'SCHEDULED', false, 1, 6, 'BILD'),
    (10055, 'BILD Certified Course: SA', 'CLOSED', 'F2F', 'BILD_REGULAR', false, false, 'SCHEDULED', false, 1, 5, 'BILD'),
    (10056, 'BILD Certified Course: SI', 'CLOSED', 'F2F', 'BILD_REGULAR', false, false, 'SCHEDULED', false, 1, 4, 'BILD'),       
    (10057, 'BILD Certified Course: TI', 'CLOSED', 'F2F', 'BILD_REGULAR', true, false, 'SCHEDULED', false, 1, 15, 'BILD'),                                                                  
    (10058, 'BILD Certified Course: IA', 'CLOSED', 'F2F', 'BILD_REGULAR', false, false, 'SCHEDULED', false, 1, 8, 'BILD'),       
    (10059, 'BILD Certified Course: PI', 'CLOSED', 'MIXED', 'BILD_REGULAR', true, false, 'SCHEDULED', false, 2, 7, 'BILD'),
    (10060, 'BILD Certified Course: PA', 'CLOSED', 'MIXED', 'BILD_REGULAR', false, false, 'SCHEDULED', false, 2, 10, 'BILD'),       
    (10061, 'BILD Certified Course: PT', 'CLOSED', 'F2F', 'BILD_REGULAR', true, false, 'SCHEDULED', false, 1, 10, 'BILD'),
    (10062, 'BILD Certified Course: PS', 'INDIRECT', 'F2F', 'BILD_REGULAR', true, false, 'SCHEDULED', false, 1, 4, 'BILD'),
    (10063, 'BILD Certified Course: PSI', 'CLOSED', 'MIXED', 'BILD_REGULAR', true, false, 'SCHEDULED', false, 1, 8, 'BILD'),    
    (10064, 'BILD Certified Course: TIA', 'CLOSED', 'F2F', 'BILD_REGULAR', false, false, 'SCHEDULED', false, 1, 9, 'BILD'),  
    (10065, 'BILD Certified Course: PTI', 'CLOSED', 'F2F', 'BILD_REGULAR', false, false, 'SCHEDULED', false, 1, 11, 'BILD'),    
    (10066, 'BILD Certified Course: STIA', 'CLOSED', 'F2F', 'BILD_REGULAR', false, false, 'SCHEDULED', false, 2, 11, 'BILD'),
    (10067, 'BILD Certified Course: PSIA', 'CLOSED', 'MIXED', 'BILD_REGULAR', true, false, 'SCHEDULED', false, 2, 5, 'BILD'),    
    (10068, 'BILD Certified Course: PSTA', 'CLOSED', 'F2F', 'BILD_REGULAR', false, false, 'SCHEDULED', false, 1, 6, 'BILD'),
    (10069, 'BILD Certified Course: PTIA', 'CLOSED', 'F2F', 'BILD_REGULAR', false, false, 'SCHEDULED', false, 1, 7, 'BILD');    

INSERT INTO public.course_schedule (start, "end", course_id, venue_id) VALUES
    (date(now()) + time '09:00' + interval '4 month', date(now()) + time '17:00' + interval '4 month', 10032, 'bd4e4af5-8822-485c-bf48-16fe0d50729b'),
    (date(now()) + time '09:00' - interval '2 days', date(now()) + time '17:00' - interval '2 days', 10033, 'bd4e4af5-8822-485c-bf48-16fe0d50729b'),
    (date(now()) + time '09:00' + interval '5 days', date(now()) + time '17:00' + interval '5 days', 10034, 'bd4e4af5-8822-485c-bf48-16fe0d50729b'),
    (date(now()) + time '09:00' + interval '2 days', date(now()) + time '17:00' + interval '2 days', 10035, 'bd4e4af5-8822-485c-bf48-16fe0d50729b'),
    (date(now()) + time '09:00' + interval '10 days', date(now()) + time '17:00' + interval '10 days', 10036, 'bd4e4af5-8822-485c-bf48-16fe0d50729b'),
    (date(now()) + time '09:00' + interval '23 days', date(now()) + time '17:00' + interval '23 days', 10037, 'bd4e4af5-8822-485c-bf48-16fe0d50729b'),
    (date(now()) + time '09:00' + interval '20 days', date(now()) + time '17:00' + interval '20 days', 10038, 'bd4e4af5-8822-485c-bf48-16fe0d50729b'),
    (date(now()) + time '09:00' + interval '12 days', date(now()) + time '17:00' + interval '12 days', 10039, 'bd4e4af5-8822-485c-bf48-16fe0d50729b'),
    (date(now()) + time '09:00' + interval '7 days', date(now()) + time '17:00' + interval '7 days', 10040, 'bd4e4af5-8822-485c-bf48-16fe0d50729b'),    
    (date(now()) + time '09:00' + interval '25 days', date(now()) + time '17:00' + interval '25 days', 10041, 'bd4e4af5-8822-485c-bf48-16fe0d50729b'),    
    (date(now()) + time '09:00' + interval '19 days', date(now()) + time '17:00' + interval '19 days', 10042, 'bd4e4af5-8822-485c-bf48-16fe0d50729b'),    
    (date(now()) + time '09:00' + interval '9 days', date(now()) + time '17:00' + interval '9 days', 10043, 'bd4e4af5-8822-485c-bf48-16fe0d50729b'),    
    (date(now()) + time '09:00' + interval '18 days', date(now()) + time '17:00' + interval '18 days', 10044, 'bd4e4af5-8822-485c-bf48-16fe0d50729b'),    
    (date(now()) + time '09:00' + interval '4 days', date(now()) + time '17:00' + interval '4 days', 10045, 'bd4e4af5-8822-485c-bf48-16fe0d50729b'),    
    (date(now()) + time '09:00' + interval '8 days', date(now()) + time '17:00' + interval '8 days', 10046, 'bd4e4af5-8822-485c-bf48-16fe0d50729b'),
    (date(now()) + time '09:00' + interval '20 days', date(now()) + time '17:00' + interval '20 days', 10047, 'bd4e4af5-8822-485c-bf48-16fe0d50729b'),
    (date(now()) + time '09:00' + interval '26 days', date(now()) + time '17:00' + interval '26 days', 10048, 'bd4e4af5-8822-485c-bf48-16fe0d50729b'),
    (date(now()) + time '09:00' + interval '19 days', date(now()) + time '17:00' + interval '19 days', 10049, 'bd4e4af5-8822-485c-bf48-16fe0d50729b'),
    (date(now()) + time '09:00' + interval '14 days', date(now()) + time '17:00' + interval '14 days', 10050, 'bd4e4af5-8822-485c-bf48-16fe0d50729b'),
    (date(now()) + time '09:00' + interval '16 days', date(now()) + time '17:00' + interval '16 days', 10051, 'bd4e4af5-8822-485c-bf48-16fe0d50729b'),
    (date(now()) + time '09:00' + interval '11 days', date(now()) + time '17:00' + interval '11 days', 10052, 'bd4e4af5-8822-485c-bf48-16fe0d50729b'),
    (date(now()) + time '09:00' + interval '17 days', date(now()) + time '17:00' + interval '17 days', 10053, 'bd4e4af5-8822-485c-bf48-16fe0d50729b'),
    (date(now()) + time '09:00' + interval '22 days', date(now()) + time '17:00' + interval '22 days', 10054, 'bd4e4af5-8822-485c-bf48-16fe0d50729b'),    
    (date(now()) + time '09:00' + interval '3 days', date(now()) + time '17:00' + interval '3 days', 10055, 'bd4e4af5-8822-485c-bf48-16fe0d50729b'),    
    (date(now()) + time '09:00' + interval '24 days', date(now()) + time '17:00' + interval '24 days', 10056, 'bd4e4af5-8822-485c-bf48-16fe0d50729b'),    
    (date(now()) + time '09:00' + interval '13 days', date(now()) + time '17:00' + interval '13 days', 10057, 'bd4e4af5-8822-485c-bf48-16fe0d50729b'),    
    (date(now()) + time '09:00' + interval '8 days', date(now()) + time '17:00' + interval '8 days', 10058, 'bd4e4af5-8822-485c-bf48-16fe0d50729b'),    
    (date(now()) + time '09:00' + interval '10 days', date(now()) + time '17:00' + interval '10 days', 10059, 'bd4e4af5-8822-485c-bf48-16fe0d50729b'),    
    (date(now()) + time '09:00' + interval '11 days', date(now()) + time '17:00' + interval '11 days', 10060, 'bd4e4af5-8822-485c-bf48-16fe0d50729b'), 
    (date(now()) + time '09:00' + interval '22 days', date(now()) + time '17:00' + interval '22 days', 10061, 'bd4e4af5-8822-485c-bf48-16fe0d50729b'),
    (date(now()) + time '09:00' + interval '5 days', date(now()) + time '17:00' + interval '5 days', 10062, 'bd4e4af5-8822-485c-bf48-16fe0d50729b'),
    (date(now()) + time '09:00' + interval '9 days', date(now()) + time '17:00' + interval '9 days', 10063, 'bd4e4af5-8822-485c-bf48-16fe0d50729b'),
    (date(now()) + time '09:00' + interval '23 days', date(now()) + time '17:00' + interval '23 days', 10064, 'bd4e4af5-8822-485c-bf48-16fe0d50729b'),
    (date(now()) + time '09:00' + interval '28 days', date(now()) + time '17:00' + interval '28 days', 10065, 'bd4e4af5-8822-485c-bf48-16fe0d50729b'),
    (date(now()) + time '09:00' + interval '7 days', date(now()) + time '17:00' + interval '7 days', 10066, 'bd4e4af5-8822-485c-bf48-16fe0d50729b'),
    (date(now()) + time '09:00' + interval '15 days', date(now()) + time '17:00' + interval '15 days', 10067, 'bd4e4af5-8822-485c-bf48-16fe0d50729b'),
    (date(now()) + time '09:00' + interval '24 days', date(now()) + time '17:00' + interval '24 days', 10068, 'bd4e4af5-8822-485c-bf48-16fe0d50729b'),    
    (date(now()) + time '09:00' + interval '6 days', date(now()) + time '17:00' + interval '6 days', 10069, 'bd4e4af5-8822-485c-bf48-16fe0d50729b');                                                       

INSERT INTO public.course_trainer (profile_id, course_id, type, status) VALUES
    ('13a223a8-2184-42f1-ba37-b49e115e59a2', 10032, 'LEADER', 'ACCEPTED'),
    ('13a223a8-2184-42f1-ba37-b49e115e59a2', 10033, 'LEADER', 'ACCEPTED'),
    ('13a223a8-2184-42f1-ba37-b49e115e59a2', 10034, 'LEADER', 'ACCEPTED'),
    ('13a223a8-2184-42f1-ba37-b49e115e59a2', 10035, 'LEADER', 'ACCEPTED'),
    ('13a223a8-2184-42f1-ba37-b49e115e59a2', 10036, 'LEADER', 'ACCEPTED'),
    ('13a223a8-2184-42f1-ba37-b49e115e59a2', 10037, 'LEADER', 'ACCEPTED'),
    ('13a223a8-2184-42f1-ba37-b49e115e59a2', 10038, 'LEADER', 'ACCEPTED'),
    ('13a223a8-2184-42f1-ba37-b49e115e59a2', 10039, 'LEADER', 'ACCEPTED'),
    ('13a223a8-2184-42f1-ba37-b49e115e59a2', 10040, 'LEADER', 'ACCEPTED'),
    ('13a223a8-2184-42f1-ba37-b49e115e59a2', 10041, 'LEADER', 'ACCEPTED'),
    ('13a223a8-2184-42f1-ba37-b49e115e59a2', 10042, 'LEADER', 'ACCEPTED'),
    ('13a223a8-2184-42f1-ba37-b49e115e59a2', 10043, 'LEADER', 'ACCEPTED'),
    ('13a223a8-2184-42f1-ba37-b49e115e59a2', 10044, 'LEADER', 'ACCEPTED'),
    ('13a223a8-2184-42f1-ba37-b49e115e59a2', 10045, 'LEADER', 'ACCEPTED'),
    ('13a223a8-2184-42f1-ba37-b49e115e59a2', 10046, 'LEADER', 'ACCEPTED'),
    ('13a223a8-2184-42f1-ba37-b49e115e59a2', 10047, 'LEADER', 'ACCEPTED'),
    ('13a223a8-2184-42f1-ba37-b49e115e59a2', 10048, 'LEADER', 'ACCEPTED'),
    ('13a223a8-2184-42f1-ba37-b49e115e59a2', 10049, 'LEADER', 'ACCEPTED'),
    ('13a223a8-2184-42f1-ba37-b49e115e59a2', 10050, 'LEADER', 'ACCEPTED'),
    ('13a223a8-2184-42f1-ba37-b49e115e59a2', 10051, 'LEADER', 'ACCEPTED'),
    ('13a223a8-2184-42f1-ba37-b49e115e59a2', 10052, 'LEADER', 'ACCEPTED'),
    ('13a223a8-2184-42f1-ba37-b49e115e59a2', 10053, 'LEADER', 'ACCEPTED'),
    ('13a223a8-2184-42f1-ba37-b49e115e59a2', 10054, 'LEADER', 'ACCEPTED'),
    ('13a223a8-2184-42f1-ba37-b49e115e59a2', 10055, 'LEADER', 'ACCEPTED'),
    ('13a223a8-2184-42f1-ba37-b49e115e59a2', 10056, 'LEADER', 'ACCEPTED'),
    ('13a223a8-2184-42f1-ba37-b49e115e59a2', 10057, 'LEADER', 'ACCEPTED'),
    ('13a223a8-2184-42f1-ba37-b49e115e59a2', 10058, 'LEADER', 'ACCEPTED'),
    ('13a223a8-2184-42f1-ba37-b49e115e59a2', 10059, 'LEADER', 'ACCEPTED'),
    ('13a223a8-2184-42f1-ba37-b49e115e59a2', 10060, 'LEADER', 'ACCEPTED'),
    ('13a223a8-2184-42f1-ba37-b49e115e59a2', 10061, 'LEADER', 'ACCEPTED'),
    ('13a223a8-2184-42f1-ba37-b49e115e59a2', 10062, 'LEADER', 'ACCEPTED'),
    ('13a223a8-2184-42f1-ba37-b49e115e59a2', 10063, 'LEADER', 'ACCEPTED'),
    ('13a223a8-2184-42f1-ba37-b49e115e59a2', 10064, 'LEADER', 'ACCEPTED'),
    ('13a223a8-2184-42f1-ba37-b49e115e59a2', 10065, 'LEADER', 'ACCEPTED'),
    ('13a223a8-2184-42f1-ba37-b49e115e59a2', 10066, 'LEADER', 'ACCEPTED'),
    ('13a223a8-2184-42f1-ba37-b49e115e59a2', 10067, 'LEADER', 'ACCEPTED'),
    ('13a223a8-2184-42f1-ba37-b49e115e59a2', 10068, 'LEADER', 'ACCEPTED'),
    ('13a223a8-2184-42f1-ba37-b49e115e59a2', 10069, 'LEADER', 'ACCEPTED');                                    

INSERT INTO public.course_bild_strategy (course_id, strategy_name)
VALUES (10032, 'PRIMARY'),
       (10032, 'SECONDARY'),
       (10033, 'PRIMARY'),
       (10033, 'SECONDARY'),
       (10033, 'NON_RESTRICTIVE_TERTIARY'),
       (10033, 'RESTRICTIVE_TERTIARY_INTERMEDIATE'),
       (10034, 'RESTRICTIVE_TERTIARY_ADVANCED'),
       (10035, 'SECONDARY'),
       (10036, 'PRIMARY'),
       (10037, 'NON_RESTRICTIVE_TERTIARY'),
       (10038, 'PRIMARY'),
       (10038, 'SECONDARY'),
       (10038, 'NON_RESTRICTIVE_TERTIARY'),
       (10038, 'RESTRICTIVE_TERTIARY_INTERMEDIATE'),
       (10039, 'RESTRICTIVE_TERTIARY_ADVANCED'),
       (10040, 'SECONDARY'),
       (10041, 'PRIMARY'),  
       (10042, 'NON_RESTRICTIVE_TERTIARY'),
       (10043, 'PRIMARY'),
       (10043, 'SECONDARY'),
       (10043, 'NON_RESTRICTIVE_TERTIARY'),
       (10043, 'RESTRICTIVE_TERTIARY_INTERMEDIATE'),
       (10043, 'RESTRICTIVE_TERTIARY_ADVANCED'),
       (10044, 'PRIMARY'),
       (10044, 'SECONDARY'),
       (10044, 'NON_RESTRICTIVE_TERTIARY'),
       (10044, 'RESTRICTIVE_TERTIARY_INTERMEDIATE'),
       (10044, 'RESTRICTIVE_TERTIARY_ADVANCED'),
       (10045, 'PRIMARY'),
       (10045, 'SECONDARY'),
       (10045, 'NON_RESTRICTIVE_TERTIARY'),
       (10046, 'PRIMARY'),
       (10046, 'SECONDARY'),
       (10046, 'RESTRICTIVE_TERTIARY_ADVANCED'),
       (10047, 'PRIMARY'),
       (10047, 'NON_RESTRICTIVE_TERTIARY'),
       (10047, 'RESTRICTIVE_TERTIARY_INTERMEDIATE'),
       (10048, 'PRIMARY'),
       (10048, 'RESTRICTIVE_TERTIARY_INTERMEDIATE'),
       (10048, 'RESTRICTIVE_TERTIARY_ADVANCED'),
       (10049, 'SECONDARY'),
       (10049, 'RESTRICTIVE_TERTIARY_INTERMEDIATE'),
       (10049, 'RESTRICTIVE_TERTIARY_ADVANCED'),
       (10050, 'SECONDARY'),
       (10051, 'NON_RESTRICTIVE_TERTIARY'),
       (10051, 'RESTRICTIVE_TERTIARY_INTERMEDIATE'),
       (10052, 'PRIMARY'),
       (10052, 'NON_RESTRICTIVE_TERTIARY'),
       (10052, 'RESTRICTIVE_TERTIARY_ADVANCED'),
       (10053, 'NON_RESTRICTIVE_TERTIARY'),       
       (10053, 'RESTRICTIVE_TERTIARY_INTERMEDIATE'),
       (10053, 'RESTRICTIVE_TERTIARY_ADVANCED'),
       (10054, 'SECONDARY'),
       (10054, 'NON_RESTRICTIVE_TERTIARY'),
       (10055, 'SECONDARY'),
       (10055, 'RESTRICTIVE_TERTIARY_ADVANCED'),
       (10056, 'SECONDARY'),
       (10056, 'RESTRICTIVE_TERTIARY_INTERMEDIATE'),
       (10057, 'NON_RESTRICTIVE_TERTIARY'),
       (10057, 'RESTRICTIVE_TERTIARY_INTERMEDIATE'),
       (10058, 'RESTRICTIVE_TERTIARY_INTERMEDIATE'),
       (10058, 'RESTRICTIVE_TERTIARY_ADVANCED'),
       (10059, 'PRIMARY'),
       (10059, 'RESTRICTIVE_TERTIARY_INTERMEDIATE'),
       (10060, 'PRIMARY'),
       (10060, 'RESTRICTIVE_TERTIARY_ADVANCED'),
       (10061, 'PRIMARY'),
       (10061, 'NON_RESTRICTIVE_TERTIARY'),
       (10062, 'PRIMARY'),
       (10062, 'SECONDARY'),
       (10063, 'PRIMARY'),
       (10063, 'SECONDARY'),
       (10063, 'RESTRICTIVE_TERTIARY_INTERMEDIATE'),
       (10064, 'NON_RESTRICTIVE_TERTIARY'),
       (10064, 'RESTRICTIVE_TERTIARY_INTERMEDIATE'),
       (10064, 'RESTRICTIVE_TERTIARY_ADVANCED'),
       (10065, 'PRIMARY'),
       (10065, 'NON_RESTRICTIVE_TERTIARY'),
       (10065, 'RESTRICTIVE_TERTIARY_INTERMEDIATE'),
       (10066, 'SECONDARY'),
       (10066, 'NON_RESTRICTIVE_TERTIARY'),
       (10066, 'RESTRICTIVE_TERTIARY_INTERMEDIATE'),
       (10066, 'RESTRICTIVE_TERTIARY_ADVANCED'), 
       (10067, 'PRIMARY'),
       (10067, 'SECONDARY'),
       (10067, 'RESTRICTIVE_TERTIARY_INTERMEDIATE'),
       (10067, 'RESTRICTIVE_TERTIARY_ADVANCED'),
       (10068, 'PRIMARY'),
       (10068, 'SECONDARY'),
       (10068, 'NON_RESTRICTIVE_TERTIARY'),
       (10068, 'RESTRICTIVE_TERTIARY_ADVANCED'),
       (10069, 'PRIMARY'),
       (10069, 'NON_RESTRICTIVE_TERTIARY'),
       (10069, 'RESTRICTIVE_TERTIARY_INTERMEDIATE'),
       (10069, 'RESTRICTIVE_TERTIARY_ADVANCED');                                                                                                                                                                                                                                                                                                                                                                                                                    

INSERT INTO public.course_invites (id, email, status, course_id) VALUES
('622a4749-0a96-43e3-94ba-80c15dfc64fe', 'user1@teamteach.testinator.com', 'ACCEPTED', 10033),
('479179f7-da48-432a-9c48-45297bb9a491', 'user2@teamteach.testinator.com', 'ACCEPTED', 10033);

INSERT INTO public.course_participant (course_id, profile_id, invite_id) VALUES
(10033, '6b72504a-6447-4b30-9909-e8e6fc1d300f', '622a4749-0a96-43e3-94ba-80c15dfc64fe'),
(10033, 'd394a9ff-7517-4e35-91aa-466f9d4c1b77', '479179f7-da48-432a-9c48-45297bb9a491'),
(10034, '6b72504a-6447-4b30-9909-e8e6fc1d300f', '622a4749-0a96-43e3-94ba-80c15dfc64fe'),
(10035, '6b72504a-6447-4b30-9909-e8e6fc1d300f', '622a4749-0a96-43e3-94ba-80c15dfc64fe'),
(10036, '6b72504a-6447-4b30-9909-e8e6fc1d300f', '622a4749-0a96-43e3-94ba-80c15dfc64fe'),
(10037, '6b72504a-6447-4b30-9909-e8e6fc1d300f', '622a4749-0a96-43e3-94ba-80c15dfc64fe'),
(10038, '6b72504a-6447-4b30-9909-e8e6fc1d300f', '622a4749-0a96-43e3-94ba-80c15dfc64fe'),
(10039, '6b72504a-6447-4b30-9909-e8e6fc1d300f', '622a4749-0a96-43e3-94ba-80c15dfc64fe'),
(10040, '6b72504a-6447-4b30-9909-e8e6fc1d300f', '622a4749-0a96-43e3-94ba-80c15dfc64fe'),
(10041, '6b72504a-6447-4b30-9909-e8e6fc1d300f', '622a4749-0a96-43e3-94ba-80c15dfc64fe'),
(10042, '6b72504a-6447-4b30-9909-e8e6fc1d300f', '622a4749-0a96-43e3-94ba-80c15dfc64fe'),
(10043, '6b72504a-6447-4b30-9909-e8e6fc1d300f', '622a4749-0a96-43e3-94ba-80c15dfc64fe'),
(10044, 'd394a9ff-7517-4e35-91aa-466f9d4c1b77', '479179f7-da48-432a-9c48-45297bb9a491'),
(10045, 'd394a9ff-7517-4e35-91aa-466f9d4c1b77', '479179f7-da48-432a-9c48-45297bb9a491'),
(10046, 'd394a9ff-7517-4e35-91aa-466f9d4c1b77', '479179f7-da48-432a-9c48-45297bb9a491'),
(10047, 'd394a9ff-7517-4e35-91aa-466f9d4c1b77', '479179f7-da48-432a-9c48-45297bb9a491'),
(10048, 'd394a9ff-7517-4e35-91aa-466f9d4c1b77', '479179f7-da48-432a-9c48-45297bb9a491'),
(10049, 'd394a9ff-7517-4e35-91aa-466f9d4c1b77', '479179f7-da48-432a-9c48-45297bb9a491'),
(10050, 'd394a9ff-7517-4e35-91aa-466f9d4c1b77', '479179f7-da48-432a-9c48-45297bb9a491'),
(10051, 'd394a9ff-7517-4e35-91aa-466f9d4c1b77', '479179f7-da48-432a-9c48-45297bb9a491'),
(10052, 'd394a9ff-7517-4e35-91aa-466f9d4c1b77', '479179f7-da48-432a-9c48-45297bb9a491'),
(10053, 'd394a9ff-7517-4e35-91aa-466f9d4c1b77', '479179f7-da48-432a-9c48-45297bb9a491'),
(10054, 'd394a9ff-7517-4e35-91aa-466f9d4c1b77', '479179f7-da48-432a-9c48-45297bb9a491'),
(10055, '6b72504a-6447-4b30-9909-e8e6fc1d300f', '622a4749-0a96-43e3-94ba-80c15dfc64fe'),
(10056, '6b72504a-6447-4b30-9909-e8e6fc1d300f', '622a4749-0a96-43e3-94ba-80c15dfc64fe'),
(10057, '6b72504a-6447-4b30-9909-e8e6fc1d300f', '622a4749-0a96-43e3-94ba-80c15dfc64fe'),
(10058, '6b72504a-6447-4b30-9909-e8e6fc1d300f', '622a4749-0a96-43e3-94ba-80c15dfc64fe'),
(10059, '6b72504a-6447-4b30-9909-e8e6fc1d300f', '622a4749-0a96-43e3-94ba-80c15dfc64fe'),
(10060, '6b72504a-6447-4b30-9909-e8e6fc1d300f', '622a4749-0a96-43e3-94ba-80c15dfc64fe'),
(10061, '6b72504a-6447-4b30-9909-e8e6fc1d300f', '622a4749-0a96-43e3-94ba-80c15dfc64fe'),
(10062, '6b72504a-6447-4b30-9909-e8e6fc1d300f', '622a4749-0a96-43e3-94ba-80c15dfc64fe'),
(10063, '6b72504a-6447-4b30-9909-e8e6fc1d300f', '622a4749-0a96-43e3-94ba-80c15dfc64fe'),
(10064, '6b72504a-6447-4b30-9909-e8e6fc1d300f', '622a4749-0a96-43e3-94ba-80c15dfc64fe'),
(10065, 'd394a9ff-7517-4e35-91aa-466f9d4c1b77', '479179f7-da48-432a-9c48-45297bb9a491'),
(10066, 'd394a9ff-7517-4e35-91aa-466f9d4c1b77', '479179f7-da48-432a-9c48-45297bb9a491'),
(10067, 'd394a9ff-7517-4e35-91aa-466f9d4c1b77', '479179f7-da48-432a-9c48-45297bb9a491'),
(10068, 'd394a9ff-7517-4e35-91aa-466f9d4c1b77', '479179f7-da48-432a-9c48-45297bb9a491'),
(10069, 'd394a9ff-7517-4e35-91aa-466f9d4c1b77', '479179f7-da48-432a-9c48-45297bb9a491');


INSERT INTO public.course_bild_module (course_id, modules)
VALUES (10034, '{
   "RESTRICTIVE_TERTIARY_ADVANCED":{
      "groups":[
         {
            "name":"",
            "duration":180,
            "modules":[
               {
                  "name":"Shield"
               },
               {
                  "name":"Sitting cradle shield"
               },
               {
                  "name":"Shield to FGR"
               },
               {
                  "name":"Front Ground recovery"
               }
            ]
         }
      ],
      "modules":[
         {
            "name":"Single Elbow to FGR",
            "duration":30
         },
         {
            "name":"Back ground recovery",
            "duration":120
         },
         {
            "name":"Hip Chair Emergency response",
            "duration":45
         },
         {
            "name":"Dead weight to standing",
            "duration":15
         },
         {
            "name":"Ground fights",
            "duration":30
         },
         {
            "name":"Ground assaults",
            "duration":30
         },
         {
            "name":"Response to everyday objects used as weapons",
            "duration":360
         }
      ]
   }
}'::jsonb),
(10033, '{
   "PRIMARY":{
      "modules":[
         {
            "name":"Values exercise"
         },
         {
            "name":"Legal framework"
         },
         {
            "name":"Policies Practices & procedure"
         },
         {
            "name":"Recording and Reporting"
         },
         {
            "name":"6 Core Strategies"
         },
         {
            "name":"Circles of danger"
         },
         {
            "name":"Personal space  and body language"
         },
         {
            "name":"Feeling associated with Social Space, Personal Space & Intimate Space"
         },
         {
            "name":"Calm stance"
         },
         {
            "name":"Calming scripts"
         },
         {
            "name":"Mission Statement"
         },
         {
            "name":"Rights & Responsibilities"
         },
         {
            "name":"Handling plans"
         },
         {
            "name":"Scripts"
         },
         {
            "name":"Post Incident Learning and Support"
         },
         {
            "name":"Quiz"
         }
      ]
   },
   "SECONDARY": {
      "groups": [
         {
            "name": "Elevated Risks Module",
            "modules": [
               {
                  "name": "Seclusion"
               },
               {
                  "name": "Rapid tranquilisation"
               },
               {
                  "name": "Chemical restraint"
               },
               {
                  "name": "Mechanical restraint"
               },
               {
                  "name": "Clinical holding"
               },
               {
                  "name": "Physical restraint"
               },
               {
                  "name": "Psychological Restraint"
               }
            ]
         }
      ],
      "modules": [
         {
            "name": "Six stages of crisis"
         },
         {
            "name": "Conflict Spiral"
         },
         {
            "name": "Fizzy pop challenge"
         },
         {
            "name": "Behaviours that challenge"
         },
         {
            "name": "De-escalation scenario"
         }
      ]
   },
   "NON_RESTRICTIVE_TERTIARY":{
      "groups":[
         {
            "name":"Arm responses",
            "duration":30,
            "modules":[
               {
                  "name":"Side step in"
               },
               {
                  "name":"Drop elbow"
               },
               {
                  "name":"Pump"
               },
               {
                  "name":"Conductor"
               },
               {
                  "name":"Cross over"
               },
               {
                  "name":"Body Disengagements"
               }
            ]
         }
      ]
   },
   "RESTRICTIVE_TERTIARY_INTERMEDIATE":{
      "groups":[
         {
            "name":"Small Child and One Person Holds Module",
            "modules":[
               {
                  "name":"Moving in hold",
                  "duration":15
               },
               {
                  "name":"Sitting in hold",
                  "duration":15
               },
               {
                  "name":"Small person hold to chairs",
                  "duration":15,
                  "mandatory":true
               },
               {
                  "name":"Chairs/beanbags to hold",
                  "duration":15
               },
               {
                  "name":"Change of face in seated position",
                  "duration":15
               }
            ]
         }
      ]
   }
}'::jsonb),
(10035, '{
   "SECONDARY": {
      "groups": [
         {
            "name": "Elevated Risks Module",
            "modules": [
               {
                  "name": "Seclusion"
               },
               {
                  "name": "Rapid tranquilisation"
               },
               {
                  "name": "Chemical restraint"
               },
               {
                  "name": "Mechanical restraint"
               },
               {
                  "name": "Clinical holding"
               },
               {
                  "name": "Physical restraint"
               },
               {
                  "name": "Psychological Restraint"
               }
            ]
         }
      ],
      "modules": [
         {
            "name": "Six stages of crisis"
         },
         {
            "name": "Conflict Spiral"
         },
         {
            "name": "Fizzy pop challenge"
         },
         {
            "name": "Behaviours that challenge"
         },
         {
            "name": "De-escalation scenario"
         }
      ]
   }
}'::jsonb),
(10036, '{
   "PRIMARY":{
      "modules":[
         {
            "name":"Values exercise"
         },
         {
            "name":"Legal framework"
         },
         {
            "name":"Policies Practices & procedure"
         },
         {
            "name":"Recording and Reporting"
         },
         {
            "name":"6 Core Strategies"
         },
         {
            "name":"Circles of danger"
         },
         {
            "name":"Personal space  and body language"
         },
         {
            "name":"Feeling associated with Social Space, Personal Space & Intimate Space"
         },
         {
            "name":"Calm stance"
         },
         {
            "name":"Calming scripts"
         },
         {
            "name":"Mission Statement"
         },
         {
            "name":"Rights & Responsibilities"
         },
         {
            "name":"Handling plans"
         },
         {
            "name":"Scripts"
         },
         {
            "name":"Post Incident Learning and Support"
         },
         {
            "name":"Quiz"
         }
      ]
   }
}'::jsonb),
(10037, '{
   "NON_RESTRICTIVE_TERTIARY":{
      "groups":[
         {
            "name":"Arm responses",
            "duration":30,
            "modules":[
               {
                  "name":"Side step in"
               },
               {
                  "name":"Drop elbow"
               },
               {
                  "name":"Pump"
               },
               {
                  "name":"Conductor"
               },
               {
                  "name":"Cross over"
               },
               {
                  "name":"Body Disengagements"
               }
            ]
         }
      ]
   }
}'::jsonb),
(10038, '{
   "PRIMARY":{
      "modules":[
         {
            "name":"Values exercise"
         },
         {
            "name":"Legal framework"
         },
         {
            "name":"Policies Practices & procedure"
         },
         {
            "name":"Recording and Reporting"
         },
         {
            "name":"6 Core Strategies"
         },
         {
            "name":"Circles of danger"
         },
         {
            "name":"Personal space  and body language"
         },
         {
            "name":"Feeling associated with Social Space, Personal Space & Intimate Space"
         },
         {
            "name":"Calm stance"
         },
         {
            "name":"Calming scripts"
         },
         {
            "name":"Mission Statement"
         },
         {
            "name":"Rights & Responsibilities"
         },
         {
            "name":"Handling plans"
         },
         {
            "name":"Scripts"
         },
         {
            "name":"Post Incident Learning and Support"
         },
         {
            "name":"Quiz"
         }
      ]
   },
   "SECONDARY": {
      "groups": [
         {
            "name": "Elevated Risks Module",
            "modules": [
               {
                  "name": "Seclusion"
               },
               {
                  "name": "Rapid tranquilisation"
               },
               {
                  "name": "Chemical restraint"
               },
               {
                  "name": "Mechanical restraint"
               },
               {
                  "name": "Clinical holding"
               },
               {
                  "name": "Physical restraint"
               },
               {
                  "name": "Psychological Restraint"
               }
            ]
         }
      ],
      "modules": [
         {
            "name": "Six stages of crisis"
         },
         {
            "name": "Conflict Spiral"
         },
         {
            "name": "Fizzy pop challenge"
         },
         {
            "name": "Behaviours that challenge"
         },
         {
            "name": "De-escalation scenario"
         }
      ]
   },
   "NON_RESTRICTIVE_TERTIARY":{
      "groups":[
         {
            "name":"Arm responses",
            "duration":30,
            "modules":[
               {
                  "name":"Side step in"
               },
               {
                  "name":"Drop elbow"
               },
               {
                  "name":"Pump"
               },
               {
                  "name":"Conductor"
               },
               {
                  "name":"Cross over"
               },
               {
                  "name":"Body Disengagements"
               }
            ]
         }
      ]
   },
   "RESTRICTIVE_TERTIARY_INTERMEDIATE":{
      "groups":[
         {
            "name":"Small Child and One Person Holds Module",
            "modules":[
               {
                  "name":"Moving in hold",
                  "duration":15
               },
               {
                  "name":"Sitting in hold",
                  "duration":15
               },
               {
                  "name":"Small person hold to chairs",
                  "duration":15,
                  "mandatory":true
               },
               {
                  "name":"Chairs/beanbags to hold",
                  "duration":15
               },
               {
                  "name":"Change of face in seated position",
                  "duration":15
               }
            ]
         }
      ]
   }
}'::jsonb),
(10039, '{
   "RESTRICTIVE_TERTIARY_ADVANCED":{
      "groups":[
         {
            "name":"",
            "duration":180,
            "modules":[
               {
                  "name":"Shield"
               },
               {
                  "name":"Sitting cradle shield"
               },
               {
                  "name":"Shield to FGR"
               },
               {
                  "name":"Front Ground recovery"
               }
            ]
         }
      ],
      "modules":[
         {
            "name":"Single Elbow to FGR",
            "duration":30
         },
         {
            "name":"Back ground recovery",
            "duration":120
         },
         {
            "name":"Hip Chair Emergency response",
            "duration":45
         },
         {
            "name":"Dead weight to standing",
            "duration":15
         },
         {
            "name":"Ground fights",
            "duration":30
         },
         {
            "name":"Ground assaults",
            "duration":30
         },
         {
            "name":"Response to everyday objects used as weapons",
            "duration":360
         }
      ]
   }
}'::jsonb),
(10040, '{
   "SECONDARY": {
      "groups": [
         {
            "name": "Elevated Risks Module",
            "modules": [
               {
                  "name": "Seclusion"
               },
               {
                  "name": "Rapid tranquilisation"
               },
               {
                  "name": "Chemical restraint"
               },
               {
                  "name": "Mechanical restraint"
               },
               {
                  "name": "Clinical holding"
               },
               {
                  "name": "Physical restraint"
               },
               {
                  "name": "Psychological Restraint"
               }
            ]
         }
      ],
      "modules": [
         {
            "name": "Six stages of crisis"
         },
         {
            "name": "Conflict Spiral"
         },
         {
            "name": "Fizzy pop challenge"
         },
         {
            "name": "Behaviours that challenge"
         },
         {
            "name": "De-escalation scenario"
         }
      ]
   }
}'::jsonb),
(10041, '{
   "PRIMARY":{
      "modules":[
         {
            "name":"Values exercise"
         },
         {
            "name":"Legal framework"
         },
         {
            "name":"Policies Practices & procedure"
         },
         {
            "name":"Recording and Reporting"
         },
         {
            "name":"6 Core Strategies"
         },
         {
            "name":"Circles of danger"
         },
         {
            "name":"Personal space  and body language"
         },
         {
            "name":"Feeling associated with Social Space, Personal Space & Intimate Space"
         },
         {
            "name":"Calm stance"
         },
         {
            "name":"Calming scripts"
         },
         {
            "name":"Mission Statement"
         },
         {
            "name":"Rights & Responsibilities"
         },
         {
            "name":"Handling plans"
         },
         {
            "name":"Scripts"
         },
         {
            "name":"Post Incident Learning and Support"
         },
         {
            "name":"Quiz"
         }
      ]
   }
}'::jsonb),
(10042, '{
   "NON_RESTRICTIVE_TERTIARY":{
      "groups":[
         {
            "name":"Arm responses",
            "duration":30,
            "modules":[
               {
                  "name":"Side step in"
               },
               {
                  "name":"Drop elbow"
               },
               {
                  "name":"Pump"
               },
               {
                  "name":"Conductor"
               },
               {
                  "name":"Cross over"
               },
               {
                  "name":"Body Disengagements"
               }
            ]
         }
      ]
   }
}'::jsonb),
(10043, '{
   "PRIMARY":{
      "modules":[
         {
            "name":"Values exercise"
         },
         {
            "name":"Legal framework"
         },
         {
            "name":"Policies Practices & procedure"
         },
         {
            "name":"Recording and Reporting"
         },
         {
            "name":"6 Core Strategies"
         },
         {
            "name":"Circles of danger"
         },
         {
            "name":"Personal space  and body language"
         },
         {
            "name":"Feeling associated with Social Space, Personal Space & Intimate Space"
         },
         {
            "name":"Calm stance"
         },
         {
            "name":"Calming scripts"
         },
         {
            "name":"Mission Statement"
         },
         {
            "name":"Rights & Responsibilities"
         },
         {
            "name":"Handling plans"
         },
         {
            "name":"Scripts"
         },
         {
            "name":"Post Incident Learning and Support"
         },
         {
            "name":"Quiz"
         }
      ]
   },
   "SECONDARY": {
      "groups": [
         {
            "name": "Elevated Risks Module",
            "modules": [
               {
                  "name": "Seclusion"
               },
               {
                  "name": "Rapid tranquilisation"
               },
               {
                  "name": "Chemical restraint"
               },
               {
                  "name": "Mechanical restraint"
               },
               {
                  "name": "Clinical holding"
               },
               {
                  "name": "Physical restraint"
               },
               {
                  "name": "Psychological Restraint"
               }
            ]
         }
      ],
      "modules": [
         {
            "name": "Six stages of crisis"
         },
         {
            "name": "Conflict Spiral"
         },
         {
            "name": "Fizzy pop challenge"
         },
         {
            "name": "Behaviours that challenge"
         },
         {
            "name": "De-escalation scenario"
         }
      ]
   },
   "NON_RESTRICTIVE_TERTIARY":{
      "groups":[
         {
            "name":"Arm responses",
            "duration":30,
            "modules":[
               {
                  "name":"Side step in"
               },
               {
                  "name":"Drop elbow"
               },
               {
                  "name":"Pump"
               },
               {
                  "name":"Conductor"
               },
               {
                  "name":"Cross over"
               },
               {
                  "name":"Body Disengagements"
               }
            ]
         }
      ]
   },
   "RESTRICTIVE_TERTIARY_INTERMEDIATE":{
      "groups":[
         {
            "name":"Small Child and One Person Holds Module",
            "modules":[
               {
                  "name":"Moving in hold",
                  "duration":15
               },
               {
                  "name":"Sitting in hold",
                  "duration":15
               },
               {
                  "name":"Small person hold to chairs",
                  "duration":15,
                  "mandatory":true
               },
               {
                  "name":"Chairs/beanbags to hold",
                  "duration":15
               },
               {
                  "name":"Change of face in seated position",
                  "duration":15
               }
            ]
         }
      ]
   },
   "RESTRICTIVE_TERTIARY_ADVANCED":{
      "groups":[
         {
            "name":"",
            "duration":180,
            "modules":[
               {
                  "name":"Shield"
               },
               {
                  "name":"Sitting cradle shield"
               },
               {
                  "name":"Shield to FGR"
               },
               {
                  "name":"Front Ground recovery"
               }
            ]
         }
      ],
      "modules":[
         {
            "name":"Single Elbow to FGR",
            "duration":30
         },
         {
            "name":"Back ground recovery",
            "duration":120
         },
         {
            "name":"Hip Chair Emergency response",
            "duration":45
         },
         {
            "name":"Dead weight to standing",
            "duration":15
         },
         {
            "name":"Ground fights",
            "duration":30
         },
         {
            "name":"Ground assaults",
            "duration":30
         },
         {
            "name":"Response to everyday objects used as weapons",
            "duration":360
         }
      ]
   }   
}'::jsonb),
(10044, '{
   "PRIMARY":{
      "modules":[
         {
            "name":"Values exercise"
         },
         {
            "name":"Legal framework"
         },
         {
            "name":"Policies Practices & procedure"
         },
         {
            "name":"Recording and Reporting"
         },
         {
            "name":"6 Core Strategies"
         },
         {
            "name":"Circles of danger"
         },
         {
            "name":"Personal space  and body language"
         },
         {
            "name":"Feeling associated with Social Space, Personal Space & Intimate Space"
         },
         {
            "name":"Calm stance"
         },
         {
            "name":"Calming scripts"
         },
         {
            "name":"Mission Statement"
         },
         {
            "name":"Rights & Responsibilities"
         },
         {
            "name":"Handling plans"
         },
         {
            "name":"Scripts"
         },
         {
            "name":"Post Incident Learning and Support"
         },
         {
            "name":"Quiz"
         }
      ]
   },
   "SECONDARY": {
      "groups": [
         {
            "name": "Elevated Risks Module",
            "modules": [
               {
                  "name": "Seclusion"
               },
               {
                  "name": "Rapid tranquilisation"
               },
               {
                  "name": "Chemical restraint"
               },
               {
                  "name": "Mechanical restraint"
               },
               {
                  "name": "Clinical holding"
               },
               {
                  "name": "Physical restraint"
               },
               {
                  "name": "Psychological Restraint"
               }
            ]
         }
      ],
      "modules": [
         {
            "name": "Six stages of crisis"
         },
         {
            "name": "Conflict Spiral"
         },
         {
            "name": "Fizzy pop challenge"
         },
         {
            "name": "Behaviours that challenge"
         },
         {
            "name": "De-escalation scenario"
         }
      ]
   },
   "NON_RESTRICTIVE_TERTIARY":{
      "groups":[
         {
            "name":"Arm responses",
            "duration":30,
            "modules":[
               {
                  "name":"Side step in"
               },
               {
                  "name":"Drop elbow"
               },
               {
                  "name":"Pump"
               },
               {
                  "name":"Conductor"
               },
               {
                  "name":"Cross over"
               },
               {
                  "name":"Body Disengagements"
               }
            ]
         }
      ]
   },
   "RESTRICTIVE_TERTIARY_INTERMEDIATE":{
      "groups":[
         {
            "name":"Small Child and One Person Holds Module",
            "modules":[
               {
                  "name":"Moving in hold",
                  "duration":15
               },
               {
                  "name":"Sitting in hold",
                  "duration":15
               },
               {
                  "name":"Small person hold to chairs",
                  "duration":15,
                  "mandatory":true
               },
               {
                  "name":"Chairs/beanbags to hold",
                  "duration":15
               },
               {
                  "name":"Change of face in seated position",
                  "duration":15
               }
            ]
         }
      ]
   },
   "RESTRICTIVE_TERTIARY_ADVANCED":{
      "groups":[
         {
            "name":"",
            "duration":180,
            "modules":[
               {
                  "name":"Shield"
               },
               {
                  "name":"Sitting cradle shield"
               },
               {
                  "name":"Shield to FGR"
               },
               {
                  "name":"Front Ground recovery"
               }
            ]
         }
      ],
      "modules":[
         {
            "name":"Single Elbow to FGR",
            "duration":30
         },
         {
            "name":"Back ground recovery",
            "duration":120
         },
         {
            "name":"Hip Chair Emergency response",
            "duration":45
         },
         {
            "name":"Dead weight to standing",
            "duration":15
         },
         {
            "name":"Ground fights",
            "duration":30
         },
         {
            "name":"Ground assaults",
            "duration":30
         },
         {
            "name":"Response to everyday objects used as weapons",
            "duration":360
         }
      ]
   }   
}'::jsonb),
(10045, '{
   "PRIMARY":{
      "modules":[
         {
            "name":"Values exercise"
         },
         {
            "name":"Legal framework"
         },
         {
            "name":"Policies Practices & procedure"
         },
         {
            "name":"Recording and Reporting"
         },
         {
            "name":"6 Core Strategies"
         },
         {
            "name":"Circles of danger"
         },
         {
            "name":"Personal space  and body language"
         },
         {
            "name":"Feeling associated with Social Space, Personal Space & Intimate Space"
         },
         {
            "name":"Calm stance"
         },
         {
            "name":"Calming scripts"
         },
         {
            "name":"Mission Statement"
         },
         {
            "name":"Rights & Responsibilities"
         },
         {
            "name":"Handling plans"
         },
         {
            "name":"Scripts"
         },
         {
            "name":"Post Incident Learning and Support"
         },
         {
            "name":"Quiz"
         }
      ]
   },
   "SECONDARY": {
      "groups": [
         {
            "name": "Elevated Risks Module",
            "modules": [
               {
                  "name": "Seclusion"
               },
               {
                  "name": "Rapid tranquilisation"
               },
               {
                  "name": "Chemical restraint"
               },
               {
                  "name": "Mechanical restraint"
               },
               {
                  "name": "Clinical holding"
               },
               {
                  "name": "Physical restraint"
               },
               {
                  "name": "Psychological Restraint"
               }
            ]
         }
      ],
      "modules": [
         {
            "name": "Six stages of crisis"
         },
         {
            "name": "Conflict Spiral"
         },
         {
            "name": "Fizzy pop challenge"
         },
         {
            "name": "Behaviours that challenge"
         },
         {
            "name": "De-escalation scenario"
         }
      ]
   },
   "NON_RESTRICTIVE_TERTIARY":{
      "groups":[
         {
            "name":"Arm responses",
            "duration":30,
            "modules":[
               {
                  "name":"Side step in"
               },
               {
                  "name":"Drop elbow"
               },
               {
                  "name":"Pump"
               },
               {
                  "name":"Conductor"
               },
               {
                  "name":"Cross over"
               },
               {
                  "name":"Body Disengagements"
               }
            ]
         }
      ]
   }
}'::jsonb),
(10046, '{
   "PRIMARY":{
      "modules":[
         {
            "name":"Values exercise"
         },
         {
            "name":"Legal framework"
         },
         {
            "name":"Policies Practices & procedure"
         },
         {
            "name":"Recording and Reporting"
         },
         {
            "name":"6 Core Strategies"
         },
         {
            "name":"Circles of danger"
         },
         {
            "name":"Personal space  and body language"
         },
         {
            "name":"Feeling associated with Social Space, Personal Space & Intimate Space"
         },
         {
            "name":"Calm stance"
         },
         {
            "name":"Calming scripts"
         },
         {
            "name":"Mission Statement"
         },
         {
            "name":"Rights & Responsibilities"
         },
         {
            "name":"Handling plans"
         },
         {
            "name":"Scripts"
         },
         {
            "name":"Post Incident Learning and Support"
         },
         {
            "name":"Quiz"
         }
      ]
   },
   "SECONDARY": {
      "groups": [
         {
            "name": "Elevated Risks Module",
            "modules": [
               {
                  "name": "Seclusion"
               },
               {
                  "name": "Rapid tranquilisation"
               },
               {
                  "name": "Chemical restraint"
               },
               {
                  "name": "Mechanical restraint"
               },
               {
                  "name": "Clinical holding"
               },
               {
                  "name": "Physical restraint"
               },
               {
                  "name": "Psychological Restraint"
               }
            ]
         }
      ],
      "modules": [
         {
            "name": "Six stages of crisis"
         },
         {
            "name": "Conflict Spiral"
         },
         {
            "name": "Fizzy pop challenge"
         },
         {
            "name": "Behaviours that challenge"
         },
         {
            "name": "De-escalation scenario"
         }
      ]
   },
   "RESTRICTIVE_TERTIARY_ADVANCED":{
      "groups":[
         {
            "name":"",
            "duration":180,
            "modules":[
               {
                  "name":"Shield"
               },
               {
                  "name":"Sitting cradle shield"
               },
               {
                  "name":"Shield to FGR"
               },
               {
                  "name":"Front Ground recovery"
               }
            ]
         }
      ],
      "modules":[
         {
            "name":"Single Elbow to FGR",
            "duration":30
         },
         {
            "name":"Back ground recovery",
            "duration":120
         },
         {
            "name":"Hip Chair Emergency response",
            "duration":45
         },
         {
            "name":"Dead weight to standing",
            "duration":15
         },
         {
            "name":"Ground fights",
            "duration":30
         },
         {
            "name":"Ground assaults",
            "duration":30
         },
         {
            "name":"Response to everyday objects used as weapons",
            "duration":360
         }
      ]
   } 
}'::jsonb),
(10047, '{
   "PRIMARY":{
      "modules":[
         {
            "name":"Values exercise"
         },
         {
            "name":"Legal framework"
         },
         {
            "name":"Policies Practices & procedure"
         },
         {
            "name":"Recording and Reporting"
         },
         {
            "name":"6 Core Strategies"
         },
         {
            "name":"Circles of danger"
         },
         {
            "name":"Personal space  and body language"
         },
         {
            "name":"Feeling associated with Social Space, Personal Space & Intimate Space"
         },
         {
            "name":"Calm stance"
         },
         {
            "name":"Calming scripts"
         },
         {
            "name":"Mission Statement"
         },
         {
            "name":"Rights & Responsibilities"
         },
         {
            "name":"Handling plans"
         },
         {
            "name":"Scripts"
         },
         {
            "name":"Post Incident Learning and Support"
         },
         {
            "name":"Quiz"
         }
      ]
   },
   "NON_RESTRICTIVE_TERTIARY":{
      "groups":[
         {
            "name":"Arm responses",
            "duration":30,
            "modules":[
               {
                  "name":"Side step in"
               },
               {
                  "name":"Drop elbow"
               },
               {
                  "name":"Pump"
               },
               {
                  "name":"Conductor"
               },
               {
                  "name":"Cross over"
               },
               {
                  "name":"Body Disengagements"
               }
            ]
         }
      ]
   },
   "RESTRICTIVE_TERTIARY_INTERMEDIATE":{
      "groups":[
         {
            "name":"Small Child and One Person Holds Module",
            "modules":[
               {
                  "name":"Moving in hold",
                  "duration":15
               },
               {
                  "name":"Sitting in hold",
                  "duration":15
               },
               {
                  "name":"Small person hold to chairs",
                  "duration":15,
                  "mandatory":true
               },
               {
                  "name":"Chairs/beanbags to hold",
                  "duration":15
               },
               {
                  "name":"Change of face in seated position",
                  "duration":15
               }
            ]
         }
      ]
   }      
}'::jsonb),
(10048, '{
  "PRIMARY":{
      "modules":[
         {
            "name":"Values exercise"
         },
         {
            "name":"Legal framework"
         },
         {
            "name":"Policies Practices & procedure"
         },
         {
            "name":"Recording and Reporting"
         },
         {
            "name":"6 Core Strategies"
         },
         {
            "name":"Circles of danger"
         },
         {
            "name":"Personal space  and body language"
         },
         {
            "name":"Feeling associated with Social Space, Personal Space & Intimate Space"
         },
         {
            "name":"Calm stance"
         },
         {
            "name":"Calming scripts"
         },
         {
            "name":"Mission Statement"
         },
         {
            "name":"Rights & Responsibilities"
         },
         {
            "name":"Handling plans"
         },
         {
            "name":"Scripts"
         },
         {
            "name":"Post Incident Learning and Support"
         },
         {
            "name":"Quiz"
         }
      ]
   },
   "RESTRICTIVE_TERTIARY_INTERMEDIATE":{
      "groups":[
         {
            "name":"Small Child and One Person Holds Module",
            "modules":[
               {
                  "name":"Moving in hold",
                  "duration":15
               },
               {
                  "name":"Sitting in hold",
                  "duration":15
               },
               {
                  "name":"Small person hold to chairs",
                  "duration":15,
                  "mandatory":true
               },
               {
                  "name":"Chairs/beanbags to hold",
                  "duration":15
               },
               {
                  "name":"Change of face in seated position",
                  "duration":15
               }
            ]
         }
      ]
   },
   "RESTRICTIVE_TERTIARY_ADVANCED":{
      "groups":[
         {
            "name":"",
            "duration":180,
            "modules":[
               {
                  "name":"Shield"
               },
               {
                  "name":"Sitting cradle shield"
               },
               {
                  "name":"Shield to FGR"
               },
               {
                  "name":"Front Ground recovery"
               }
            ]
         }
      ],
      "modules":[
         {
            "name":"Single Elbow to FGR",
            "duration":30
         },
         {
            "name":"Back ground recovery",
            "duration":120
         },
         {
            "name":"Hip Chair Emergency response",
            "duration":45
         },
         {
            "name":"Dead weight to standing",
            "duration":15
         },
         {
            "name":"Ground fights",
            "duration":30
         },
         {
            "name":"Ground assaults",
            "duration":30
         },
         {
            "name":"Response to everyday objects used as weapons",
            "duration":360
         }
      ]
   }      
}'::jsonb),
(10049, '{
   "SECONDARY": {
      "groups": [
         {
            "name": "Elevated Risks Module",
            "modules": [
               {
                  "name": "Seclusion"
               },
               {
                  "name": "Rapid tranquilisation"
               },
               {
                  "name": "Chemical restraint"
               },
               {
                  "name": "Mechanical restraint"
               },
               {
                  "name": "Clinical holding"
               },
               {
                  "name": "Physical restraint"
               },
               {
                  "name": "Psychological Restraint"
               }
            ]
         }
      ],
      "modules": [
         {
            "name": "Six stages of crisis"
         },
         {
            "name": "Conflict Spiral"
         },
         {
            "name": "Fizzy pop challenge"
         },
         {
            "name": "Behaviours that challenge"
         },
         {
            "name": "De-escalation scenario"
         }
      ]
   },
  "RESTRICTIVE_TERTIARY_INTERMEDIATE":{
      "groups":[
         {
            "name":"Small Child and One Person Holds Module",
            "modules":[
               {
                  "name":"Moving in hold",
                  "duration":15
               },
               {
                  "name":"Sitting in hold",
                  "duration":15
               },
               {
                  "name":"Small person hold to chairs",
                  "duration":15,
                  "mandatory":true
               },
               {
                  "name":"Chairs/beanbags to hold",
                  "duration":15
               },
               {
                  "name":"Change of face in seated position",
                  "duration":15
               }
            ]
         }
      ]
   },
   "RESTRICTIVE_TERTIARY_ADVANCED":{
      "groups":[
         {
            "name":"",
            "duration":180,
            "modules":[
               {
                  "name":"Shield"
               },
               {
                  "name":"Sitting cradle shield"
               },
               {
                  "name":"Shield to FGR"
               },
               {
                  "name":"Front Ground recovery"
               }
            ]
         }
      ],
      "modules":[
         {
            "name":"Single Elbow to FGR",
            "duration":30
         },
         {
            "name":"Back ground recovery",
            "duration":120
         },
         {
            "name":"Hip Chair Emergency response",
            "duration":45
         },
         {
            "name":"Dead weight to standing",
            "duration":15
         },
         {
            "name":"Ground fights",
            "duration":30
         },
         {
            "name":"Ground assaults",
            "duration":30
         },
         {
            "name":"Response to everyday objects used as weapons",
            "duration":360
         }
      ]
   }         
}'::jsonb),
(10050, '{
   "SECONDARY": {
      "groups": [
         {
            "name": "Elevated Risks Module",
            "modules": [
               {
                  "name": "Seclusion"
               },
               {
                  "name": "Rapid tranquilisation"
               },
               {
                  "name": "Chemical restraint"
               },
               {
                  "name": "Mechanical restraint"
               },
               {
                  "name": "Clinical holding"
               },
               {
                  "name": "Physical restraint"
               },
               {
                  "name": "Psychological Restraint"
               }
            ]
         }
      ],
      "modules": [
         {
            "name": "Six stages of crisis"
         },
         {
            "name": "Conflict Spiral"
         },
         {
            "name": "Fizzy pop challenge"
         },
         {
            "name": "Behaviours that challenge"
         },
         {
            "name": "De-escalation scenario"
         }
      ]
   },
   "NON_RESTRICTIVE_TERTIARY":{
      "groups":[
         {
            "name":"Arm responses",
            "duration":30,
            "modules":[
               {
                  "name":"Side step in"
               },
               {
                  "name":"Drop elbow"
               },
               {
                  "name":"Pump"
               },
               {
                  "name":"Conductor"
               },
               {
                  "name":"Cross over"
               },
               {
                  "name":"Body Disengagements"
               }
            ]
         }
      ]
   },
   "RESTRICTIVE_TERTIARY_INTERMEDIATE":{
      "groups":[
         {
            "name":"Small Child and One Person Holds Module",
            "modules":[
               {
                  "name":"Moving in hold",
                  "duration":15
               },
               {
                  "name":"Sitting in hold",
                  "duration":15
               },
               {
                  "name":"Small person hold to chairs",
                  "duration":15,
                  "mandatory":true
               },
               {
                  "name":"Chairs/beanbags to hold",
                  "duration":15
               },
               {
                  "name":"Change of face in seated position",
                  "duration":15
               }
            ]
         }
      ]
   }         
}'::jsonb),
(10051, '{
   "SECONDARY": {
      "groups": [
         {
            "name": "Elevated Risks Module",
            "modules": [
               {
                  "name": "Seclusion"
               },
               {
                  "name": "Rapid tranquilisation"
               },
               {
                  "name": "Chemical restraint"
               },
               {
                  "name": "Mechanical restraint"
               },
               {
                  "name": "Clinical holding"
               },
               {
                  "name": "Physical restraint"
               },
               {
                  "name": "Psychological Restraint"
               }
            ]
         }
      ],
      "modules": [
         {
            "name": "Six stages of crisis"
         },
         {
            "name": "Conflict Spiral"
         },
         {
            "name": "Fizzy pop challenge"
         },
         {
            "name": "Behaviours that challenge"
         },
         {
            "name": "De-escalation scenario"
         }
      ]
   },
   "NON_RESTRICTIVE_TERTIARY":{
      "groups":[
         {
            "name":"Arm responses",
            "duration":30,
            "modules":[
               {
                  "name":"Side step in"
               },
               {
                  "name":"Drop elbow"
               },
               {
                  "name":"Pump"
               },
               {
                  "name":"Conductor"
               },
               {
                  "name":"Cross over"
               },
               {
                  "name":"Body Disengagements"
               }
            ]
         }
      ]
   },
   "RESTRICTIVE_TERTIARY_ADVANCED":{
      "groups":[
         {
            "name":"",
            "duration":180,
            "modules":[
               {
                  "name":"Shield"
               },
               {
                  "name":"Sitting cradle shield"
               },
               {
                  "name":"Shield to FGR"
               },
               {
                  "name":"Front Ground recovery"
               }
            ]
         }
      ],
      "modules":[
         {
            "name":"Single Elbow to FGR",
            "duration":30
         },
         {
            "name":"Back ground recovery",
            "duration":120
         },
         {
            "name":"Hip Chair Emergency response",
            "duration":45
         },
         {
            "name":"Dead weight to standing",
            "duration":15
         },
         {
            "name":"Ground fights",
            "duration":30
         },
         {
            "name":"Ground assaults",
            "duration":30
         },
         {
            "name":"Response to everyday objects used as weapons",
            "duration":360
         }
      ]
   }            
}'::jsonb),
(10052, '{
   "PRIMARY":{
      "modules":[
         {
            "name":"Values exercise"
         },
         {
            "name":"Legal framework"
         },
         {
            "name":"Policies Practices & procedure"
         },
         {
            "name":"Recording and Reporting"
         },
         {
            "name":"6 Core Strategies"
         },
         {
            "name":"Circles of danger"
         },
         {
            "name":"Personal space  and body language"
         },
         {
            "name":"Feeling associated with Social Space, Personal Space & Intimate Space"
         },
         {
            "name":"Calm stance"
         },
         {
            "name":"Calming scripts"
         },
         {
            "name":"Mission Statement"
         },
         {
            "name":"Rights & Responsibilities"
         },
         {
            "name":"Handling plans"
         },
         {
            "name":"Scripts"
         },
         {
            "name":"Post Incident Learning and Support"
         },
         {
            "name":"Quiz"
         }
      ]
   },
   "NON_RESTRICTIVE_TERTIARY":{
      "groups":[
         {
            "name":"Arm responses",
            "duration":30,
            "modules":[
               {
                  "name":"Side step in"
               },
               {
                  "name":"Drop elbow"
               },
               {
                  "name":"Pump"
               },
               {
                  "name":"Conductor"
               },
               {
                  "name":"Cross over"
               },
               {
                  "name":"Body Disengagements"
               }
            ]
         }
      ]
   },
   "RESTRICTIVE_TERTIARY_ADVANCED":{
      "groups":[
         {
            "name":"",
            "duration":180,
            "modules":[
               {
                  "name":"Shield"
               },
               {
                  "name":"Sitting cradle shield"
               },
               {
                  "name":"Shield to FGR"
               },
               {
                  "name":"Front Ground recovery"
               }
            ]
         }
      ],
      "modules":[
         {
            "name":"Single Elbow to FGR",
            "duration":30
         },
         {
            "name":"Back ground recovery",
            "duration":120
         },
         {
            "name":"Hip Chair Emergency response",
            "duration":45
         },
         {
            "name":"Dead weight to standing",
            "duration":15
         },
         {
            "name":"Ground fights",
            "duration":30
         },
         {
            "name":"Ground assaults",
            "duration":30
         },
         {
            "name":"Response to everyday objects used as weapons",
            "duration":360
         }
      ]
   }               
}'::jsonb),
(10053, '{
   "NON_RESTRICTIVE_TERTIARY":{
      "groups":[
         {
            "name":"Arm responses",
            "duration":30,
            "modules":[
               {
                  "name":"Side step in"
               },
               {
                  "name":"Drop elbow"
               },
               {
                  "name":"Pump"
               },
               {
                  "name":"Conductor"
               },
               {
                  "name":"Cross over"
               },
               {
                  "name":"Body Disengagements"
               }
            ]
         }
      ]
   },
   "RESTRICTIVE_TERTIARY_INTERMEDIATE":{
      "groups":[
         {
            "name":"Small Child and One Person Holds Module",
            "modules":[
               {
                  "name":"Moving in hold",
                  "duration":15
               },
               {
                  "name":"Sitting in hold",
                  "duration":15
               },
               {
                  "name":"Small person hold to chairs",
                  "duration":15,
                  "mandatory":true
               },
               {
                  "name":"Chairs/beanbags to hold",
                  "duration":15
               },
               {
                  "name":"Change of face in seated position",
                  "duration":15
               }
            ]
         }
      ]
   },
   "RESTRICTIVE_TERTIARY_ADVANCED":{
      "groups":[
         {
            "name":"",
            "duration":180,
            "modules":[
               {
                  "name":"Shield"
               },
               {
                  "name":"Sitting cradle shield"
               },
               {
                  "name":"Shield to FGR"
               },
               {
                  "name":"Front Ground recovery"
               }
            ]
         }
      ],
      "modules":[
         {
            "name":"Single Elbow to FGR",
            "duration":30
         },
         {
            "name":"Back ground recovery",
            "duration":120
         },
         {
            "name":"Hip Chair Emergency response",
            "duration":45
         },
         {
            "name":"Dead weight to standing",
            "duration":15
         },
         {
            "name":"Ground fights",
            "duration":30
         },
         {
            "name":"Ground assaults",
            "duration":30
         },
         {
            "name":"Response to everyday objects used as weapons",
            "duration":360
         }
      ]
   }       
}'::jsonb),
(10054, '{
   "SECONDARY": {
      "groups": [
         {
            "name": "Elevated Risks Module",
            "modules": [
               {
                  "name": "Seclusion"
               },
               {
                  "name": "Rapid tranquilisation"
               },
               {
                  "name": "Chemical restraint"
               },
               {
                  "name": "Mechanical restraint"
               },
               {
                  "name": "Clinical holding"
               },
               {
                  "name": "Physical restraint"
               },
               {
                  "name": "Psychological Restraint"
               }
            ]
         }
      ],
      "modules": [
         {
            "name": "Six stages of crisis"
         },
         {
            "name": "Conflict Spiral"
         },
         {
            "name": "Fizzy pop challenge"
         },
         {
            "name": "Behaviours that challenge"
         },
         {
            "name": "De-escalation scenario"
         }
      ]
   },
   "NON_RESTRICTIVE_TERTIARY":{
      "groups":[
         {
            "name":"Arm responses",
            "duration":30,
            "modules":[
               {
                  "name":"Side step in"
               },
               {
                  "name":"Drop elbow"
               },
               {
                  "name":"Pump"
               },
               {
                  "name":"Conductor"
               },
               {
                  "name":"Cross over"
               },
               {
                  "name":"Body Disengagements"
               }
            ]
         }
      ]
   }   
}'::jsonb),
(10055, '{
   "SECONDARY": {
      "groups": [
         {
            "name": "Elevated Risks Module",
            "modules": [
               {
                  "name": "Seclusion"
               },
               {
                  "name": "Rapid tranquilisation"
               },
               {
                  "name": "Chemical restraint"
               },
               {
                  "name": "Mechanical restraint"
               },
               {
                  "name": "Clinical holding"
               },
               {
                  "name": "Physical restraint"
               },
               {
                  "name": "Psychological Restraint"
               }
            ]
         }
      ],
      "modules": [
         {
            "name": "Six stages of crisis"
         },
         {
            "name": "Conflict Spiral"
         },
         {
            "name": "Fizzy pop challenge"
         },
         {
            "name": "Behaviours that challenge"
         },
         {
            "name": "De-escalation scenario"
         }
      ]
   },
   "RESTRICTIVE_TERTIARY_ADVANCED":{
      "groups":[
         {
            "name":"",
            "duration":180,
            "modules":[
               {
                  "name":"Shield"
               },
               {
                  "name":"Sitting cradle shield"
               },
               {
                  "name":"Shield to FGR"
               },
               {
                  "name":"Front Ground recovery"
               }
            ]
         }
      ],
      "modules":[
         {
            "name":"Single Elbow to FGR",
            "duration":30
         },
         {
            "name":"Back ground recovery",
            "duration":120
         },
         {
            "name":"Hip Chair Emergency response",
            "duration":45
         },
         {
            "name":"Dead weight to standing",
            "duration":15
         },
         {
            "name":"Ground fights",
            "duration":30
         },
         {
            "name":"Ground assaults",
            "duration":30
         },
         {
            "name":"Response to everyday objects used as weapons",
            "duration":360
         }
      ]
   }          
}'::jsonb),
(10056, '{
   "SECONDARY": {
      "groups": [
         {
            "name": "Elevated Risks Module",
            "modules": [
               {
                  "name": "Seclusion"
               },
               {
                  "name": "Rapid tranquilisation"
               },
               {
                  "name": "Chemical restraint"
               },
               {
                  "name": "Mechanical restraint"
               },
               {
                  "name": "Clinical holding"
               },
               {
                  "name": "Physical restraint"
               },
               {
                  "name": "Psychological Restraint"
               }
            ]
         }
      ],
      "modules": [
         {
            "name": "Six stages of crisis"
         },
         {
            "name": "Conflict Spiral"
         },
         {
            "name": "Fizzy pop challenge"
         },
         {
            "name": "Behaviours that challenge"
         },
         {
            "name": "De-escalation scenario"
         }
      ]
   },
   "RESTRICTIVE_TERTIARY_INTERMEDIATE":{
      "groups":[
         {
            "name":"Small Child and One Person Holds Module",
            "modules":[
               {
                  "name":"Moving in hold",
                  "duration":15
               },
               {
                  "name":"Sitting in hold",
                  "duration":15
               },
               {
                  "name":"Small person hold to chairs",
                  "duration":15,
                  "mandatory":true
               },
               {
                  "name":"Chairs/beanbags to hold",
                  "duration":15
               },
               {
                  "name":"Change of face in seated position",
                  "duration":15
               }
            ]
         }
      ]
   }   
}'::jsonb),
(10057, '{
   "NON_RESTRICTIVE_TERTIARY":{
      "groups":[
         {
            "name":"Arm responses",
            "duration":30,
            "modules":[
               {
                  "name":"Side step in"
               },
               {
                  "name":"Drop elbow"
               },
               {
                  "name":"Pump"
               },
               {
                  "name":"Conductor"
               },
               {
                  "name":"Cross over"
               },
               {
                  "name":"Body Disengagements"
               }
            ]
         }
      ]
   },
   "RESTRICTIVE_TERTIARY_INTERMEDIATE":{
      "groups":[
         {
            "name":"Small Child and One Person Holds Module",
            "modules":[
               {
                  "name":"Moving in hold",
                  "duration":15
               },
               {
                  "name":"Sitting in hold",
                  "duration":15
               },
               {
                  "name":"Small person hold to chairs",
                  "duration":15,
                  "mandatory":true
               },
               {
                  "name":"Chairs/beanbags to hold",
                  "duration":15
               },
               {
                  "name":"Change of face in seated position",
                  "duration":15
               }
            ]
         }
      ]
   }   
}'::jsonb),
(10058, '{
   "RESTRICTIVE_TERTIARY_INTERMEDIATE":{
      "groups":[
         {
            "name":"Small Child and One Person Holds Module",
            "modules":[
               {
                  "name":"Moving in hold",
                  "duration":15
               },
               {
                  "name":"Sitting in hold",
                  "duration":15
               },
               {
                  "name":"Small person hold to chairs",
                  "duration":15,
                  "mandatory":true
               },
               {
                  "name":"Chairs/beanbags to hold",
                  "duration":15
               },
               {
                  "name":"Change of face in seated position",
                  "duration":15
               }
            ]
         }
      ]
   },
   "RESTRICTIVE_TERTIARY_ADVANCED":{
      "groups":[
         {
            "name":"",
            "duration":180,
            "modules":[
               {
                  "name":"Shield"
               },
               {
                  "name":"Sitting cradle shield"
               },
               {
                  "name":"Shield to FGR"
               },
               {
                  "name":"Front Ground recovery"
               }
            ]
         }
      ],
      "modules":[
         {
            "name":"Single Elbow to FGR",
            "duration":30
         },
         {
            "name":"Back ground recovery",
            "duration":120
         },
         {
            "name":"Hip Chair Emergency response",
            "duration":45
         },
         {
            "name":"Dead weight to standing",
            "duration":15
         },
         {
            "name":"Ground fights",
            "duration":30
         },
         {
            "name":"Ground assaults",
            "duration":30
         },
         {
            "name":"Response to everyday objects used as weapons",
            "duration":360
         }
      ]
   }       
}'::jsonb),
(10059, '{
   "PRIMARY":{
      "modules":[
         {
            "name":"Values exercise"
         },
         {
            "name":"Legal framework"
         },
         {
            "name":"Policies Practices & procedure"
         },
         {
            "name":"Recording and Reporting"
         },
         {
            "name":"6 Core Strategies"
         },
         {
            "name":"Circles of danger"
         },
         {
            "name":"Personal space  and body language"
         },
         {
            "name":"Feeling associated with Social Space, Personal Space & Intimate Space"
         },
         {
            "name":"Calm stance"
         },
         {
            "name":"Calming scripts"
         },
         {
            "name":"Mission Statement"
         },
         {
            "name":"Rights & Responsibilities"
         },
         {
            "name":"Handling plans"
         },
         {
            "name":"Scripts"
         },
         {
            "name":"Post Incident Learning and Support"
         },
         {
            "name":"Quiz"
         }
      ]
   },
   "RESTRICTIVE_TERTIARY_INTERMEDIATE":{
      "groups":[
         {
            "name":"Small Child and One Person Holds Module",
            "modules":[
               {
                  "name":"Moving in hold",
                  "duration":15
               },
               {
                  "name":"Sitting in hold",
                  "duration":15
               },
               {
                  "name":"Small person hold to chairs",
                  "duration":15,
                  "mandatory":true
               },
               {
                  "name":"Chairs/beanbags to hold",
                  "duration":15
               },
               {
                  "name":"Change of face in seated position",
                  "duration":15
               }
            ]
         }
      ]
   }
}'::jsonb),
(10060, '{
   "PRIMARY":{
      "modules":[
         {
            "name":"Values exercise"
         },
         {
            "name":"Legal framework"
         },
         {
            "name":"Policies Practices & procedure"
         },
         {
            "name":"Recording and Reporting"
         },
         {
            "name":"6 Core Strategies"
         },
         {
            "name":"Circles of danger"
         },
         {
            "name":"Personal space  and body language"
         },
         {
            "name":"Feeling associated with Social Space, Personal Space & Intimate Space"
         },
         {
            "name":"Calm stance"
         },
         {
            "name":"Calming scripts"
         },
         {
            "name":"Mission Statement"
         },
         {
            "name":"Rights & Responsibilities"
         },
         {
            "name":"Handling plans"
         },
         {
            "name":"Scripts"
         },
         {
            "name":"Post Incident Learning and Support"
         },
         {
            "name":"Quiz"
         }
      ]
   },
   "RESTRICTIVE_TERTIARY_ADVANCED":{
      "groups":[
         {
            "name":"",
            "duration":180,
            "modules":[
               {
                  "name":"Shield"
               },
               {
                  "name":"Sitting cradle shield"
               },
               {
                  "name":"Shield to FGR"
               },
               {
                  "name":"Front Ground recovery"
               }
            ]
         }
      ],
      "modules":[
         {
            "name":"Single Elbow to FGR",
            "duration":30
         },
         {
            "name":"Back ground recovery",
            "duration":120
         },
         {
            "name":"Hip Chair Emergency response",
            "duration":45
         },
         {
            "name":"Dead weight to standing",
            "duration":15
         },
         {
            "name":"Ground fights",
            "duration":30
         },
         {
            "name":"Ground assaults",
            "duration":30
         },
         {
            "name":"Response to everyday objects used as weapons",
            "duration":360
         }
      ]
   }   
}'::jsonb),
(10061, '{
   "PRIMARY":{
      "modules":[
         {
            "name":"Values exercise"
         },
         {
            "name":"Legal framework"
         },
         {
            "name":"Policies Practices & procedure"
         },
         {
            "name":"Recording and Reporting"
         },
         {
            "name":"6 Core Strategies"
         },
         {
            "name":"Circles of danger"
         },
         {
            "name":"Personal space  and body language"
         },
         {
            "name":"Feeling associated with Social Space, Personal Space & Intimate Space"
         },
         {
            "name":"Calm stance"
         },
         {
            "name":"Calming scripts"
         },
         {
            "name":"Mission Statement"
         },
         {
            "name":"Rights & Responsibilities"
         },
         {
            "name":"Handling plans"
         },
         {
            "name":"Scripts"
         },
         {
            "name":"Post Incident Learning and Support"
         },
         {
            "name":"Quiz"
         }
      ]
   },
   "NON_RESTRICTIVE_TERTIARY":{
      "groups":[
         {
            "name":"Arm responses",
            "duration":30,
            "modules":[
               {
                  "name":"Side step in"
               },
               {
                  "name":"Drop elbow"
               },
               {
                  "name":"Pump"
               },
               {
                  "name":"Conductor"
               },
               {
                  "name":"Cross over"
               },
               {
                  "name":"Body Disengagements"
               }
            ]
         }
      ]
   }   
}'::jsonb),
(10062, '{
   "PRIMARY":{
      "modules":[
         {
            "name":"Values exercise"
         },
         {
            "name":"Legal framework"
         },
         {
            "name":"Policies Practices & procedure"
         },
         {
            "name":"Recording and Reporting"
         },
         {
            "name":"6 Core Strategies"
         },
         {
            "name":"Circles of danger"
         },
         {
            "name":"Personal space  and body language"
         },
         {
            "name":"Feeling associated with Social Space, Personal Space & Intimate Space"
         },
         {
            "name":"Calm stance"
         },
         {
            "name":"Calming scripts"
         },
         {
            "name":"Mission Statement"
         },
         {
            "name":"Rights & Responsibilities"
         },
         {
            "name":"Handling plans"
         },
         {
            "name":"Scripts"
         },
         {
            "name":"Post Incident Learning and Support"
         },
         {
            "name":"Quiz"
         }
      ]
   },
   "SECONDARY": {
      "groups": [
         {
            "name": "Elevated Risks Module",
            "modules": [
               {
                  "name": "Seclusion"
               },
               {
                  "name": "Rapid tranquilisation"
               },
               {
                  "name": "Chemical restraint"
               },
               {
                  "name": "Mechanical restraint"
               },
               {
                  "name": "Clinical holding"
               },
               {
                  "name": "Physical restraint"
               },
               {
                  "name": "Psychological Restraint"
               }
            ]
         }
      ],
      "modules": [
         {
            "name": "Six stages of crisis"
         },
         {
            "name": "Conflict Spiral"
         },
         {
            "name": "Fizzy pop challenge"
         },
         {
            "name": "Behaviours that challenge"
         },
         {
            "name": "De-escalation scenario"
         }
      ]
   }
}'::jsonb),
(10063, '{
   "PRIMARY":{
      "modules":[
         {
            "name":"Values exercise"
         },
         {
            "name":"Legal framework"
         },
         {
            "name":"Policies Practices & procedure"
         },
         {
            "name":"Recording and Reporting"
         },
         {
            "name":"6 Core Strategies"
         },
         {
            "name":"Circles of danger"
         },
         {
            "name":"Personal space  and body language"
         },
         {
            "name":"Feeling associated with Social Space, Personal Space & Intimate Space"
         },
         {
            "name":"Calm stance"
         },
         {
            "name":"Calming scripts"
         },
         {
            "name":"Mission Statement"
         },
         {
            "name":"Rights & Responsibilities"
         },
         {
            "name":"Handling plans"
         },
         {
            "name":"Scripts"
         },
         {
            "name":"Post Incident Learning and Support"
         },
         {
            "name":"Quiz"
         }
      ]
   },
   "SECONDARY": {
      "groups": [
         {
            "name": "Elevated Risks Module",
            "modules": [
               {
                  "name": "Seclusion"
               },
               {
                  "name": "Rapid tranquilisation"
               },
               {
                  "name": "Chemical restraint"
               },
               {
                  "name": "Mechanical restraint"
               },
               {
                  "name": "Clinical holding"
               },
               {
                  "name": "Physical restraint"
               },
               {
                  "name": "Psychological Restraint"
               }
            ]
         }
      ],
      "modules": [
         {
            "name": "Six stages of crisis"
         },
         {
            "name": "Conflict Spiral"
         },
         {
            "name": "Fizzy pop challenge"
         },
         {
            "name": "Behaviours that challenge"
         },
         {
            "name": "De-escalation scenario"
         }
      ]
   },
   "RESTRICTIVE_TERTIARY_INTERMEDIATE":{
      "groups":[
         {
            "name":"Small Child and One Person Holds Module",
            "modules":[
               {
                  "name":"Moving in hold",
                  "duration":15
               },
               {
                  "name":"Sitting in hold",
                  "duration":15
               },
               {
                  "name":"Small person hold to chairs",
                  "duration":15,
                  "mandatory":true
               },
               {
                  "name":"Chairs/beanbags to hold",
                  "duration":15
               },
               {
                  "name":"Change of face in seated position",
                  "duration":15
               }
            ]
         }
      ]
   }      
}'::jsonb),
(10064, '{
   "NON_RESTRICTIVE_TERTIARY":{
      "groups":[
         {
            "name":"Arm responses",
            "duration":30,
            "modules":[
               {
                  "name":"Side step in"
               },
               {
                  "name":"Drop elbow"
               },
               {
                  "name":"Pump"
               },
               {
                  "name":"Conductor"
               },
               {
                  "name":"Cross over"
               },
               {
                  "name":"Body Disengagements"
               }
            ]
         }
      ]
   },
   "RESTRICTIVE_TERTIARY_INTERMEDIATE":{
      "groups":[
         {
            "name":"Small Child and One Person Holds Module",
            "modules":[
               {
                  "name":"Moving in hold",
                  "duration":15
               },
               {
                  "name":"Sitting in hold",
                  "duration":15
               },
               {
                  "name":"Small person hold to chairs",
                  "duration":15,
                  "mandatory":true
               },
               {
                  "name":"Chairs/beanbags to hold",
                  "duration":15
               },
               {
                  "name":"Change of face in seated position",
                  "duration":15
               }
            ]
         }
      ]
   },
   "RESTRICTIVE_TERTIARY_ADVANCED":{
      "groups":[
         {
            "name":"",
            "duration":180,
            "modules":[
               {
                  "name":"Shield"
               },
               {
                  "name":"Sitting cradle shield"
               },
               {
                  "name":"Shield to FGR"
               },
               {
                  "name":"Front Ground recovery"
               }
            ]
         }
      ],
      "modules":[
         {
            "name":"Single Elbow to FGR",
            "duration":30
         },
         {
            "name":"Back ground recovery",
            "duration":120
         },
         {
            "name":"Hip Chair Emergency response",
            "duration":45
         },
         {
            "name":"Dead weight to standing",
            "duration":15
         },
         {
            "name":"Ground fights",
            "duration":30
         },
         {
            "name":"Ground assaults",
            "duration":30
         },
         {
            "name":"Response to everyday objects used as weapons",
            "duration":360
         }
      ]
   } 
}'::jsonb),
(10065, '{
   "PRIMARY":{
      "modules":[
         {
            "name":"Values exercise"
         },
         {
            "name":"Legal framework"
         },
         {
            "name":"Policies Practices & procedure"
         },
         {
            "name":"Recording and Reporting"
         },
         {
            "name":"6 Core Strategies"
         },
         {
            "name":"Circles of danger"
         },
         {
            "name":"Personal space  and body language"
         },
         {
            "name":"Feeling associated with Social Space, Personal Space & Intimate Space"
         },
         {
            "name":"Calm stance"
         },
         {
            "name":"Calming scripts"
         },
         {
            "name":"Mission Statement"
         },
         {
            "name":"Rights & Responsibilities"
         },
         {
            "name":"Handling plans"
         },
         {
            "name":"Scripts"
         },
         {
            "name":"Post Incident Learning and Support"
         },
         {
            "name":"Quiz"
         }
      ]
   },
   "NON_RESTRICTIVE_TERTIARY":{
      "groups":[
         {
            "name":"Arm responses",
            "duration":30,
            "modules":[
               {
                  "name":"Side step in"
               },
               {
                  "name":"Drop elbow"
               },
               {
                  "name":"Pump"
               },
               {
                  "name":"Conductor"
               },
               {
                  "name":"Cross over"
               },
               {
                  "name":"Body Disengagements"
               }
            ]
         }
      ]
   },
   "RESTRICTIVE_TERTIARY_INTERMEDIATE":{
      "groups":[
         {
            "name":"Small Child and One Person Holds Module",
            "modules":[
               {
                  "name":"Moving in hold",
                  "duration":15
               },
               {
                  "name":"Sitting in hold",
                  "duration":15
               },
               {
                  "name":"Small person hold to chairs",
                  "duration":15,
                  "mandatory":true
               },
               {
                  "name":"Chairs/beanbags to hold",
                  "duration":15
               },
               {
                  "name":"Change of face in seated position",
                  "duration":15
               }
            ]
         }
      ]
   }  
}'::jsonb),
(10066, '{
   "SECONDARY": {
      "groups": [
         {
            "name": "Elevated Risks Module",
            "modules": [
               {
                  "name": "Seclusion"
               },
               {
                  "name": "Rapid tranquilisation"
               },
               {
                  "name": "Chemical restraint"
               },
               {
                  "name": "Mechanical restraint"
               },
               {
                  "name": "Clinical holding"
               },
               {
                  "name": "Physical restraint"
               },
               {
                  "name": "Psychological Restraint"
               }
            ]
         }
      ],
      "modules": [
         {
            "name": "Six stages of crisis"
         },
         {
            "name": "Conflict Spiral"
         },
         {
            "name": "Fizzy pop challenge"
         },
         {
            "name": "Behaviours that challenge"
         },
         {
            "name": "De-escalation scenario"
         }
      ]
   },
   "RESTRICTIVE_TERTIARY_INTERMEDIATE":{
      "groups":[
         {
            "name":"Small Child and One Person Holds Module",
            "modules":[
               {
                  "name":"Moving in hold",
                  "duration":15
               },
               {
                  "name":"Sitting in hold",
                  "duration":15
               },
               {
                  "name":"Small person hold to chairs",
                  "duration":15,
                  "mandatory":true
               },
               {
                  "name":"Chairs/beanbags to hold",
                  "duration":15
               },
               {
                  "name":"Change of face in seated position",
                  "duration":15
               }
            ]
         }
      ]
   },
   "RESTRICTIVE_TERTIARY_ADVANCED":{
      "groups":[
         {
            "name":"",
            "duration":180,
            "modules":[
               {
                  "name":"Shield"
               },
               {
                  "name":"Sitting cradle shield"
               },
               {
                  "name":"Shield to FGR"
               },
               {
                  "name":"Front Ground recovery"
               }
            ]
         }
      ],
      "modules":[
         {
            "name":"Single Elbow to FGR",
            "duration":30
         },
         {
            "name":"Back ground recovery",
            "duration":120
         },
         {
            "name":"Hip Chair Emergency response",
            "duration":45
         },
         {
            "name":"Dead weight to standing",
            "duration":15
         },
         {
            "name":"Ground fights",
            "duration":30
         },
         {
            "name":"Ground assaults",
            "duration":30
         },
         {
            "name":"Response to everyday objects used as weapons",
            "duration":360
         }
      ]
   }   
}'::jsonb),
(10067, '{
   "PRIMARY":{
      "modules":[
         {
            "name":"Values exercise"
         },
         {
            "name":"Legal framework"
         },
         {
            "name":"Policies Practices & procedure"
         },
         {
            "name":"Recording and Reporting"
         },
         {
            "name":"6 Core Strategies"
         },
         {
            "name":"Circles of danger"
         },
         {
            "name":"Personal space  and body language"
         },
         {
            "name":"Feeling associated with Social Space, Personal Space & Intimate Space"
         },
         {
            "name":"Calm stance"
         },
         {
            "name":"Calming scripts"
         },
         {
            "name":"Mission Statement"
         },
         {
            "name":"Rights & Responsibilities"
         },
         {
            "name":"Handling plans"
         },
         {
            "name":"Scripts"
         },
         {
            "name":"Post Incident Learning and Support"
         },
         {
            "name":"Quiz"
         }
      ]
   },   
   "SECONDARY": {
      "groups": [
         {
            "name": "Elevated Risks Module",
            "modules": [
               {
                  "name": "Seclusion"
               },
               {
                  "name": "Rapid tranquilisation"
               },
               {
                  "name": "Chemical restraint"
               },
               {
                  "name": "Mechanical restraint"
               },
               {
                  "name": "Clinical holding"
               },
               {
                  "name": "Physical restraint"
               },
               {
                  "name": "Psychological Restraint"
               }
            ]
         }
      ],
      "modules": [
         {
            "name": "Six stages of crisis"
         },
         {
            "name": "Conflict Spiral"
         },
         {
            "name": "Fizzy pop challenge"
         },
         {
            "name": "Behaviours that challenge"
         },
         {
            "name": "De-escalation scenario"
         }
      ]
   },
   "NON_RESTRICTIVE_TERTIARY":{
      "groups":[
         {
            "name":"Arm responses",
            "duration":30,
            "modules":[
               {
                  "name":"Side step in"
               },
               {
                  "name":"Drop elbow"
               },
               {
                  "name":"Pump"
               },
               {
                  "name":"Conductor"
               },
               {
                  "name":"Cross over"
               },
               {
                  "name":"Body Disengagements"
               }
            ]
         }
      ]
   },
   "RESTRICTIVE_TERTIARY_INTERMEDIATE":{
      "groups":[
         {
            "name":"Small Child and One Person Holds Module",
            "modules":[
               {
                  "name":"Moving in hold",
                  "duration":15
               },
               {
                  "name":"Sitting in hold",
                  "duration":15
               },
               {
                  "name":"Small person hold to chairs",
                  "duration":15,
                  "mandatory":true
               },
               {
                  "name":"Chairs/beanbags to hold",
                  "duration":15
               },
               {
                  "name":"Change of face in seated position",
                  "duration":15
               }
            ]
         }
      ]
   },
   "RESTRICTIVE_TERTIARY_ADVANCED":{
      "groups":[
         {
            "name":"",
            "duration":180,
            "modules":[
               {
                  "name":"Shield"
               },
               {
                  "name":"Sitting cradle shield"
               },
               {
                  "name":"Shield to FGR"
               },
               {
                  "name":"Front Ground recovery"
               }
            ]
         }
      ],
      "modules":[
         {
            "name":"Single Elbow to FGR",
            "duration":30
         },
         {
            "name":"Back ground recovery",
            "duration":120
         },
         {
            "name":"Hip Chair Emergency response",
            "duration":45
         },
         {
            "name":"Dead weight to standing",
            "duration":15
         },
         {
            "name":"Ground fights",
            "duration":30
         },
         {
            "name":"Ground assaults",
            "duration":30
         },
         {
            "name":"Response to everyday objects used as weapons",
            "duration":360
         }
      ]
   }   
}'::jsonb),
(10068, '{
   "PRIMARY":{
      "modules":[
         {
            "name":"Values exercise"
         },
         {
            "name":"Legal framework"
         },
         {
            "name":"Policies Practices & procedure"
         },
         {
            "name":"Recording and Reporting"
         },
         {
            "name":"6 Core Strategies"
         },
         {
            "name":"Circles of danger"
         },
         {
            "name":"Personal space  and body language"
         },
         {
            "name":"Feeling associated with Social Space, Personal Space & Intimate Space"
         },
         {
            "name":"Calm stance"
         },
         {
            "name":"Calming scripts"
         },
         {
            "name":"Mission Statement"
         },
         {
            "name":"Rights & Responsibilities"
         },
         {
            "name":"Handling plans"
         },
         {
            "name":"Scripts"
         },
         {
            "name":"Post Incident Learning and Support"
         },
         {
            "name":"Quiz"
         }
      ]
   },
   "SECONDARY": {
      "groups": [
         {
            "name": "Elevated Risks Module",
            "modules": [
               {
                  "name": "Seclusion"
               },
               {
                  "name": "Rapid tranquilisation"
               },
               {
                  "name": "Chemical restraint"
               },
               {
                  "name": "Mechanical restraint"
               },
               {
                  "name": "Clinical holding"
               },
               {
                  "name": "Physical restraint"
               },
               {
                  "name": "Psychological Restraint"
               }
            ]
         }
      ],
      "modules": [
         {
            "name": "Six stages of crisis"
         },
         {
            "name": "Conflict Spiral"
         },
         {
            "name": "Fizzy pop challenge"
         },
         {
            "name": "Behaviours that challenge"
         },
         {
            "name": "De-escalation scenario"
         }
      ]
   },
   "NON_RESTRICTIVE_TERTIARY":{
      "groups":[
         {
            "name":"Arm responses",
            "duration":30,
            "modules":[
               {
                  "name":"Side step in"
               },
               {
                  "name":"Drop elbow"
               },
               {
                  "name":"Pump"
               },
               {
                  "name":"Conductor"
               },
               {
                  "name":"Cross over"
               },
               {
                  "name":"Body Disengagements"
               }
            ]
         }
      ]
   },
   "RESTRICTIVE_TERTIARY_ADVANCED":{
      "groups":[
         {
            "name":"",
            "duration":180,
            "modules":[
               {
                  "name":"Shield"
               },
               {
                  "name":"Sitting cradle shield"
               },
               {
                  "name":"Shield to FGR"
               },
               {
                  "name":"Front Ground recovery"
               }
            ]
         }
      ],
      "modules":[
         {
            "name":"Single Elbow to FGR",
            "duration":30
         },
         {
            "name":"Back ground recovery",
            "duration":120
         },
         {
            "name":"Hip Chair Emergency response",
            "duration":45
         },
         {
            "name":"Dead weight to standing",
            "duration":15
         },
         {
            "name":"Ground fights",
            "duration":30
         },
         {
            "name":"Ground assaults",
            "duration":30
         },
         {
            "name":"Response to everyday objects used as weapons",
            "duration":360
         }
      ]
   }           
}'::jsonb),
(10069, '{
   "PRIMARY":{
      "modules":[
         {
            "name":"Values exercise"
         },
         {
            "name":"Legal framework"
         },
         {
            "name":"Policies Practices & procedure"
         },
         {
            "name":"Recording and Reporting"
         },
         {
            "name":"6 Core Strategies"
         },
         {
            "name":"Circles of danger"
         },
         {
            "name":"Personal space  and body language"
         },
         {
            "name":"Feeling associated with Social Space, Personal Space & Intimate Space"
         },
         {
            "name":"Calm stance"
         },
         {
            "name":"Calming scripts"
         },
         {
            "name":"Mission Statement"
         },
         {
            "name":"Rights & Responsibilities"
         },
         {
            "name":"Handling plans"
         },
         {
            "name":"Scripts"
         },
         {
            "name":"Post Incident Learning and Support"
         },
         {
            "name":"Quiz"
         }
      ]
   },
   "NON_RESTRICTIVE_TERTIARY":{
      "groups":[
         {
            "name":"Arm responses",
            "duration":30,
            "modules":[
               {
                  "name":"Side step in"
               },
               {
                  "name":"Drop elbow"
               },
               {
                  "name":"Pump"
               },
               {
                  "name":"Conductor"
               },
               {
                  "name":"Cross over"
               },
               {
                  "name":"Body Disengagements"
               }
            ]
         }
      ]
   },
   "RESTRICTIVE_TERTIARY_INTERMEDIATE":{
      "groups":[
         {
            "name":"Small Child and One Person Holds Module",
            "modules":[
               {
                  "name":"Moving in hold",
                  "duration":15
               },
               {
                  "name":"Sitting in hold",
                  "duration":15
               },
               {
                  "name":"Small person hold to chairs",
                  "duration":15,
                  "mandatory":true
               },
               {
                  "name":"Chairs/beanbags to hold",
                  "duration":15
               },
               {
                  "name":"Change of face in seated position",
                  "duration":15
               }
            ]
         }
      ]
   },
   "RESTRICTIVE_TERTIARY_ADVANCED":{
      "groups":[
         {
            "name":"",
            "duration":180,
            "modules":[
               {
                  "name":"Shield"
               },
               {
                  "name":"Sitting cradle shield"
               },
               {
                  "name":"Shield to FGR"
               },
               {
                  "name":"Front Ground recovery"
               }
            ]
         }
      ],
      "modules":[
         {
            "name":"Single Elbow to FGR",
            "duration":30
         },
         {
            "name":"Back ground recovery",
            "duration":120
         },
         {
            "name":"Hip Chair Emergency response",
            "duration":45
         },
         {
            "name":"Dead weight to standing",
            "duration":15
         },
         {
            "name":"Ground fights",
            "duration":30
         },
         {
            "name":"Ground assaults",
            "duration":30
         },
         {
            "name":"Response to everyday objects used as weapons",
            "duration":360
         }
      ]
   }      
}'::jsonb);

SELECT setval('course_id_seq', 11000);
